Workbook

Sheet Cover
D3: Technical - Tool
D4: Gas Pipeline
D5: API1102 Railroad Loading
B8: HDR Engineering Inc. | D8: Approved By: | F8: Rev 0
B9: Best Practice | F9: Issue Date: | G9: 45665
C10: Author: | D10: Barry Brookins | F10: Owner: | G10: Barry Brookins
B13: Revision History
B14: Rev | C14: Description of Change | G14: Effective Date
D15: Originator | E15: Checker | F15: Reviewer
B16: 0 | C16: Initial Release | D16: Barry B. | E16: Holly E. | G16: 45665
B17: 1
B22: For questions regarding this Spreadsheet contact
B24: Barry Brookins
B25: HDR Engineering Inc. - Rosemont, IL
B26: barry.brookins@hdrinc.com
B28: or
B30: Jon Liechti
B31: HDR Engineering Inc. - Tulsa, OK
B32: 918.281.4330
B33: Jonathan.Liechti@hdrinc.com

Sheet Approval

Sheet Instructions
A1: Conventions for this spreadsheet
A2: Convention | B2: Meaning
A3: Black on White | B3: Formulas or Constants (Not to be updated)
A4: Black on Yellow | B4: Data Entry (Overwrites) - Unprotected Cell

Sheet Contents
B2: Table of Contents
B4: SHEET | C4: Contents
B5: Cover | C5: Best Practice approval and contact information
A6: 1 | B6: Instructions | C6: Spreadsheet Instructions
A7: =1+A6 -> 2 | B7: Contents | C7: Table of Contents
A8: =1+A7 -> 3 | B8: Info | C8: User Information
A9: =1+A8 -> 4 | B9: Design Pressure | C9: API 1102 Railroad Loading Calculations
A10: =1+A9 -> 5 | B10: Hand Calcs | C10: API 1102 Railroad Loading QC Hand-Calc
A11: =1+A10 -> 6 | B11: Tables | C11: Tables used for dropdowns and VLOOKUP's within the calculation tab
A12: =1+A11 -> 7 | B12: Sources | C12: Sources used for calculations
A13: =1+A12 -> 8
A14: =1+A13 -> 9
A15: =1+A14 -> 10
A16: =1+A15 -> 11
A17: =1+A16 -> 12
A18: =1+A17 -> 13
A19: =1+A18 -> 14
A20: =1+A19 -> 15
A21: =1+A20 -> 16
A22: =1+A21 -> 17
A23: =1+A22 -> 18
A24: =1+A23 -> 19
... A29: =1+A28 -> 24

Sheet Info
A1: ReadMe
A3: 1 PURPOSE
A4: The purpose of this procedure is to check the combined stress of a pipeline due to internal pipeline pressure and external railroad loading.
A6: 2 DEFINITIONS
A9: 3 PROCEDURES
A10: The stresses due to internal and external highway loads on a pipeline are determined by first acquiring the allowable and actual Barlow stress, and the circumferential stress due to the earth load. Then the cyclic circumferential and longitudinal stresses are calculated, followed by the circumferential stress due to internal pressurization. Next, the max circumferential, longitudinal, and radial stresses are calculated. Finally, the actual and allowable effective, girth, and longitudinal stresses are calculated.
A11: 3.1 Calculate the Hoop Stress (Barlow):
A12: Hoop Stress (Barlow) = Pressure * Pipe Diameter / (2 * Wall Thickness)
A13: 3.2 Calculate the Allowable Hoop Stress:
A14: Allowable Hoop Stress = Design Factor * Longitudinal Joint Factor * Temperature Derating Factor * SMYS
A15: 3.3 Calculate the Circumferential Stress from Earth Load:
A16: Circumferential Stress from Earth Load = Stiffness Factor for Earth Load Circumferential Stress * Burial Factor for Earth Load Circumferential Stress * Excavation Factor for Earth Load Circumferential Stress * Average Unit Weight of Soil * Pipe Diameter
... A50: For conditions outside these ranges, consult API RP 1102 directly.

Sheet Railroad Loading
A1: API 1102 Railroad Loading
A3: Purpose | B3: The purpose of this procedure is to check the combined stress of a pipeline due to internal pipeline pressure and external railroad loading.
A5: Find | B5: Description | C5: Variable | D5: Unit | E5: Comment
B6: Barlow Stress | C6: SHi | D6: psi
B7: Effective Stress | C7: Seff | D7: psi
B8: Girth Weld Stress | C8: SLh | D8: psi
B9: Long. Weld Stress | C9: SHh | D9: psi
A11: Given | B11: Description | C11: Value | D11: Unit | E11: Comment
B12: Pipe Diameter | C12: 12 | D12: in
B13: D - Pipe Outside Diameter | C13: =IFERROR(VLOOKUP(C12, 'Railroad Loading'!B312:C347, 2, FALSE), C12) -> 12.75 | D13: in
B14: tw - Wall Thickness | C14: 0.25 | D14: in
B15: Pipe Specification | C15: API 5L
B16: Pipe Grade | C16: X42
B17: SMYS | C17: =IF(ISBLANK($C$16)=TRUE,"",INDEX('Railroad Loading'!$C$232:$AG$232,MATCH($C$16,'Railroad Loading'!$C$231:$AG$231,0))) -> 42000 | D17: psi
B18: Pipeline Location | C18: Pipelines, mains, and service lines
B19: Design Class Location | C19: 1 | E19: 2 Minimum For RR crossings
B20: F - Design Factor | C20: =INDEX('Railroad Loading'!I261:L269,MATCH(C18,'Railroad Loading'!H261:H269,0),MATCH(C19,'Railroad Loading'!I260:L260,0)) -> 0.72
B21: Pipe Class | C21: Electric Resistance Welded
B22: E - Longitudinal Joint Factor | C22: =IF(ISBLANK($C$21),"",IF(OR($C$21="SEAMLESS",$C$21="ELECTRIC RESISTANCE WELDED",$C$21="SUBMERGED ARC WELDED",$C$21="COMBINATION WELDED"),1,IF($C$21="FURNACE BUTT WELDED",0.6,IF($C$21="ELECTRIC FUSION WELDED, EVEN CLASS",1,IF($C$21="ELECTRIC FUSION WELDED, ODD CLASS",0.8,IF($C$13>4.5,0.8,0.6)))))) -> 1
B23: Pipe Material | C23: Steel
B24: Es - Young's Modulus | C24: =(VLOOKUP(C23,'Railroad Loading'!B299:E308,2, FALSE)) -> 29000000 | D24: psi | E24: =_xlfn.CONCAT("Typically ", (VLOOKUP(C23,'Railroad Loading'!B299:E308,2, FALSE)), " psi") -> Typically 29000000 psi
B25: v - Poisson's Ratio | C25: =(VLOOKUP(C23,'Railroad Loading'!B299:E308,3, FALSE)) -> 0.3
B26: α - Coefficient of thermal expansion | C26: =(VLOOKUP(C23,'Railroad Loading'!B299:E308,4, FALSE)) -> 6.5e-06 | D26: 1/°F
B27: T2 - Operating Temperature | C27: 70 | D27: °F | E27: Recommended Temp. Range: -20°F to 450°F
B28: T - Temperature Derating Factor | C28: =IF(C27>250, 1-(1/30/50*(C27-250)), 1) -> 1 | E28: Typically equal to 1 near ambient temperature
B29: P - Operating Pressure | C29: 800 | D29: psi | E29: Allowable Range: 0 to 6000
B30: Soil Type | C30: Soft to medium clays and silts with high plasticities
B31: E' - Modulus of Soil Reaction | C31: =VLOOKUP(C30, 'Railroad Loading'!B272:D277,2, FALSE) -> 200 | D31: psi
B32: Er - Resilient Modulus | C32: =VLOOKUP(C30, 'Railroad Loading'!B272:D277,3, FALSE) -> 5000 | D32: psi
B33: γ - Average Unit Weight of Soil | C33: 120 | D33: lb/ft3 | E33: Typically equal to 120 PCF. Allowable range: 50-200
B34: H - Pipe Depth | C34: 6 | D34: ft | E34: Allowable Range: 1 to 30
B35: Bd - Bored Diameter | C35: 14.75 | D35: inch | E35: Equal to D+2 if pipe is proposed or within 10 years of installation Equal to D+1 if pipe is within 10-20 years of installation Equal to D if pipe was installed greater than 20 years ago
B36: T1 - Installation Temperature | C36: 70 | D36: °F | E36: Allowed Temp. Range: -20°F to 450°F
B37: Number of Tracks | C37: 2 | E37: Allowable values: 1 or 2
B38: w - Applied Design Surface Pressure | C38: 13.9 | D38: psi | E38: Typically equal to 13.9 per API 1102. Allowable values: 0-100
A40: Equations | B40: Hoop Stress (Barlow) = Pressure * Pipe Diameter / (2 * Wall Thickness) Allowable Hoop Stress = Design Factor * Longitudinal Joint Factor * Temperature Derating Factor * SMYS Circumferential Stress from Earth Load = Stiffness Factor for Earth Load Circumferential Stress * Burial Factor for Earth Load Circumferential Stress * Excavation Factor for Earth Load Circumferential Stress * Average Unit Weight of Soil * Pipe Diameter Railroad Cyclic Circumferential Stress = Railroad Stiffness Factor for Cyclic Circumferential Stress * Railroad Geometry Factor for Cyclic Circumferential Stress * Railroad Double Track Factor for Circumferential Stress * Impact Factor * Applied Design Surface Pressure Railroad Cyclic Longitudinal Stress = Railroad Stiffness Factor for Cyclic Longitudinal Stress * Railroad Geometry Factor for Cyclic Longitudinal Stress * Railroad Double Track Factor for Longitudinal Stress * Impact Factor * Applied Design Surface Pressure Circumferential Stress Due to Internal Pressurization = Pressure * (Pipe Diameter - Wall Thickness) / (2 * Wall Thickness) Maximum Circumferential Stress = Circumferential Stress from Earth Load + Railroad Cyclic Circumferential Stress + Circumferential Stress Due to Internal Pressurization Maximum Longitudinal Stress = Railroad Cyclic Longitudinal Stress - Young's Modulus * Coeffient of Thermal Expansion * (Installation Temp - Operating Temp) + Poisson's Ratio * (Circumferential Stress from Earth Load + Circumferential Stress Due to Internal Pressurization) Maximum Radial Stress Result = -1 * Pressure Total Effective Stress = Sqrt(1/2 * (Maximum Circumferential Stress - Maximum Longitudinal Stress)^2 + (Maximum Longitudinal Stress - Maximum Radial Stress)^2 + (Maximum Radial Stress - Maximum Circumferential Stress)^2) Allowable Effective Stress = SMYS * Design Factor Allowable Stress of Girth Welds = Fatigue Resistance of Girth Welds * Design Factor Allowable Stress of Longitudinal Welds = Fatigue Resistance of Longitudinal Welds * Design Factor
A42: Calculations | B42: Description | C42: Value | D42: Unit | E42: Comment
B43: Shi(Barlow) - Hoop Stress | C43: =C29*C13/(2*C14) -> 20400 | D43: psi
B44: Allowable Hoop Stress | C44: =C20*C22*C28*C17 -> 30240 | D44: psi
B46: Khe - Stiffness Factor for Earth Load Circumferential Stress | C46: =VLOOKUP(C31, N92:O95, 2, FALSE) -> 3141.1765
B47: Be - Burial Factor for Earth Load Circumferential Stress | C47: =IF(C31<1000, C103, F103) -> 1.0658475
B48: Ee - Excavation Factor for Earth Load Circumferential Stress | C48: =C110 -> 1.1041078
B49: SHe - Circumferential Stress from Earth Load | C49: =C46*C47*C48*(C33/(12^3))*C13 -> 3273.0043 | D49: psi
B51: Fi - Impact Factor | C51: =C117 -> 1.7263923
B53: Nh - Railroad Double Track Factor for Circumferential Stress | C53: =IF(C34<=6, C155, IF(C34<=10, F155, I155)) -> 1.1398775
B54: KHr - Railroad Stiffness Factor for Cyclic Circumferential Stress | C54: =VLOOKUP(C32, K120:L122, 2, FALSE) -> 441.03809
B55: GHr - Railroad Geometry Factor for Cyclic Circumferential Stress | C55: =IF(C34<=6, C131, IF(C34<=8, F131, I131)) -> 0.98525
B56: SHr - Railroad Cyclic Circumferential Stress | C56: =C53*C54*C55*C51*C38 -> 11885.98 | D56: psi
B57: NL - Railroad Double Track Factor Longitudinal Stress | C57: =IF(C34<=6,C162,IF(C34<=10,F162,I162)) -> 1.0207291
B58: KLr - Railroad Stiffness Factor Cyclic Longitudinal Stress | C58: =VLOOKUP(C32, K135:L137, 2, FALSE) -> 464.98039
B59: GLr - Railroad Geometry Factor Cyclic Longitudinal Stress | C59: =IF(C34<=6,C148,IF(C34<=8,F148,I148)) -> 1.11
B60: SLr - Railroad Cyclic Longitudinal Stress | C60: =C58*C59*C57*C51*C38 -> 12642.192 | D60: psi
B62: Shi - Circumferential Stress Due to Internal Pressurization | C62: =C29*(C13-C14)/(2*C14) -> 20000 | D62: psi
B63: S1 - Maximum Circumferential Stress | C63: =C49+C56+C62 -> 35158.984 | D63: psi
B64: S2 - Maximum Longitudinal Stress | C64: =C60-(C24)*(C26)*(C27-C36)+((C25)*(C49+C62)) -> 19624.093 | D64: psi
B65: S3 - Maximum Radial Stress Result | C65: =-C29 -> -800 | D65: psi
B66: Seff - Total Effective Stress | C66: =SQRT(0.5*((C63-C64)^2+(C64-C65)^2+(C65-C63)^2)) -> 31237.197 | D66: psi
B69: Allowable Effective Stress | C69: =C17*C20 -> 30240 | D69: psi
B71: Fatigue Resistance of Girth Welds | C71: =VLOOKUP(_xlfn.CONCAT(C17, " ", C21), Tables!A154:E241, 4, FALSE) -> 12000 | D71: psi
B72: Fatigue Resistance of Longitudinal Welds | C72: =VLOOKUP(_xlfn.CONCAT(C17, " ", C21), Tables!A154:E241, 5, FALSE) -> 21000 | D72: psi
B73: Allowable Stress of Girth Welds | C73: =C71*C20 -> 8640 | D73: psi
B74: Allowable Stress of Longitudinal Welds | C74: =C72*C20 -> 15120 | D74: psi
A77: Summary | B77: Stress | C77: Calculated (psi) | D77: Allowable (psi) | E77: Pass/Fail
B78: Barlow Stress | C78: =C43 -> 20400 | D78: =C44 -> 30240 | E78: =IF(C78>D78, "Fail", "Pass") -> Pass
B79: Effective Stress | C79: =C66 -> 31237.197 | D79: =C69 -> 30240 | E79: =IF(C79>D79, "Fail", "Pass") -> Fail
B80: Girth Welds | C80: =C60/C57 -> 12385.453 | D80: =C73 -> 8640 | E80: =IF(C80>D80, "Fail", "Pass") -> Fail
B81: Long. Welds | C81: =C56/C53 -> 10427.419 | D81: =C74 -> 15120 | E81: =IF(C81>D81, "Fail", "Pass") -> Pass
B85: Values Used in Tables
B86: tw/D | C86: =C14/C13 -> 0.019607843
B87: H/Bd | C87: =C34*12/C35 -> 4.8813559
B88: Bd/D | C88: =C35/C13 -> 1.1568627
B91: Stiffness Factor for Earth Load Circumferential Stress - .2 ksi | E91: Stiffness Factor for Earth Load Circumferential Stress - .5 ksi | H91: Stiffness Factor for Earth Load Circumferential Stress - 1 ksi | K91: Stiffness Factor for Earth Load Circumferential Stress - 2 ksi | N91: E' (psi) | O91: Stiffness Factor for Earth Load Circumferential Stress
B92: X1 | C92: =_xlfn.XLOOKUP($C$86,Tables!$A$18:$A$39,Tables!$A$18:$A$39,,-1,1) -> 0.0175 | E92: X1 | F92: =_xlfn.XLOOKUP($C$86,Tables!$C$18:$C$39,Tables!$C$18:$C$39,,-1,1) -> 0.0175 | H92: X1 | I92: =_xlfn.XLOOKUP($C$86,Tables!$E$18:$E$39,Tables!$E$18:$E$39,,-1,1) -> 0.0175 | K92: X1 | L92: =_xlfn.XLOOKUP($C$86,Tables!$G$18:$G$39,Tables!$G$18:$G$39,,-1,1) -> 0.0175 | N92: 200 | O92: =C96 -> 3141.1765
B93: X2 | C93: =_xlfn.XLOOKUP($C$86,Tables!$A$18:$A$39,Tables!$A$18:$A$39,,1,1) -> 0.02 | E93: X2 | F93: =_xlfn.XLOOKUP($C$86,Tables!$C$18:$C$39,Tables!$C$18:$C$39,,1,1) -> 0.02 | H93: X2 | I93: =_xlfn.XLOOKUP($C$86,Tables!$E$18:$E$39,Tables!$E$18:$E$39,,1,1) -> 0.02 | K93: X2 | L93: =_xlfn.XLOOKUP($C$86,Tables!$G$18:$G$39,Tables!$G$18:$G$39,,1,1) -> 0.02 | N93: 500 | O93: =F96 -> 2790.5294
B94: Y1 | C94: =_xlfn.XLOOKUP(C92,Tables!$A$18:$A$39,Tables!$B$18:$B$39,,0) -> 3900 | E94: Y1 | F94: =_xlfn.XLOOKUP(F92,Tables!$C$18:$C$39,Tables!$D$18:$D$39,,0) -> 3476 | H94: Y1 | I94: =_xlfn.XLOOKUP(I92,Tables!$E$18:$E$39,Tables!$F$18:$F$39,,0) -> 2791 | K94: Y1 | L94: =_xlfn.XLOOKUP(L92,Tables!$G$18:$G$39,Tables!$H$18:$H$39,,0) -> 2145 | N94: 1000 | O94: =I96 -> 2370.2745
B95: Y2 | C95: =_xlfn.XLOOKUP(C93,Tables!$A$18:$A$39,Tables!$B$18:$B$39,,0) -> 3000 | E95: Y2 | F95: =_xlfn.XLOOKUP(F93,Tables!$C$18:$C$39,Tables!$D$18:$D$39,,0) -> 2663 | H95: Y2 | I95: =_xlfn.XLOOKUP(I93,Tables!$E$18:$E$39,Tables!$F$18:$F$39,,0) -> 2292 | K95: Y2 | L95: =_xlfn.XLOOKUP(L93,Tables!$G$18:$G$39,Tables!$H$18:$H$39,,0) -> 1852 | N95: 2000 | O95: =L96 -> 1897.9608
B96: Stiffness Factor for Earth Load Circumferential Stress | C96: =IFERROR(_xlfn.FORECAST.LINEAR($C$86,C94:C95,C92:C93),VLOOKUP($C$86,Tables!$A$18:$B$39,2, FALSE)) -> 3141.1765 | E96: Stiffness Factor for Earth Load Circumferential Stress | F96: =IFERROR(_xlfn.FORECAST.LINEAR($C$86,F94:F95,F92:F93),VLOOKUP($C$86,Tables!$C$18:$D$39,2, FALSE)) -> 2790.5294 | H96: Stiffness Factor for Earth Load Circumferential Stress | I96: =IFERROR(_xlfn.FORECAST.LINEAR($C$86,I94:I95,I92:I93),VLOOKUP($C$86,Tables!$E$18:$F$39,2, FALSE)) -> 2370.2745 | K96: Stiffness Factor for Earth Load Circumferential Stress | L96: =IFERROR(_xlfn.FORECAST.LINEAR($C$86,L94:L95,L92:L93),VLOOKUP($C$86,Tables!$G$18:$H$39,2, FALSE)) -> 1897.9608
B98: Burial Factor A - Load Interpolation From Live Loads Table | E98: Burial Factor B - Load Interpolation From Live Loads Table
B99: X1 | C99: =_xlfn.XLOOKUP($C$87,Tables!$A$44:$A$77,Tables!$A$44:$A$77,,-1,1) -> 4 | E99: X1 | F99: =_xlfn.XLOOKUP($C$87,Tables!$C$44:$C$77,Tables!$C$44:$C$77,,-1,1) -> 4
B100: X2 | C100: =_xlfn.XLOOKUP($C$87,Tables!$A$44:$A$77,Tables!$A$44:$A$77,,1,1) -> 5 | E100: X2 | F100: =_xlfn.XLOOKUP($C$87,Tables!$C$44:$C$77,Tables!$C$44:$C$77,,1,1) -> 5
B101: Y1 | C101: =_xlfn.XLOOKUP($C$99,Tables!$A$44:$A$77,Tables!$B$44:$B$77,,0) -> 0.983 | E101: Y1 | F101: =_xlfn.XLOOKUP($F$99,Tables!$C$44:$C$77,Tables!$D$44:$D$77,,0) -> 0.893
B102: Y2 | C102: =_xlfn.XLOOKUP($C$100,Tables!$A$44:$A$77,Tables!$B$44:$B$77,,0) -> 1.077 | E102: Y2 | F102: =_xlfn.XLOOKUP($F$100,Tables!$C$44:$C$77,Tables!$D$44:$D$77,,0) -> 0.964
B103: Burial Factor A | C103: =IFERROR(_xlfn.FORECAST.LINEAR($C$87,$C$101:$C$102,$C$99:$C$100),VLOOKUP($C$87,Tables!$A$44:$B$77,2, FALSE)) -> 1.0658475 | E103: Burial Factor B | F103: =IFERROR(_xlfn.FORECAST.LINEAR($C$87,$F$101:$F$102,$F$99:$F$100),VLOOKUP($C$87,Tables!$C$44:$D$77,2, FALSE)) -> 0.95557627
B105: Excavation Factor
B106: X1 | C106: =_xlfn.XLOOKUP($C$88,Tables!$A$81:$A$88,Tables!$A$81:$A$88,,-1,1) -> 1.15
B107: X2 | C107: =_xlfn.XLOOKUP($C$88,Tables!$A$81:$A$88,Tables!$A$81:$A$88,,1,1) -> 1.2
B108: Y1 | C108: =_xlfn.XLOOKUP($C$106,Tables!$A$81:$A$88,Tables!$B$81:$B$88,,0) -> 1.0903
B109: Y2 | C109: =_xlfn.XLOOKUP($C$107,Tables!$A$81:$A$88,Tables!$B$81:$B$88,,0) -> 1.1909
B110: Excavation Factor | C110: =IFERROR(_xlfn.FORECAST.LINEAR($C$88,$C$108:$C$109,$C$106:$C$107),VLOOKUP($C$88,Tables!$A$81:$B$88,2, FALSE)) -> 1.1041078
B112: Impact Factor
B113: X1 | C113: =_xlfn.XLOOKUP($C$34,Tables!$A$92:$A$95,Tables!$A$92:$A$95,,-1,1) -> 5.22
B114: X2 | C114: =_xlfn.XLOOKUP($C$34,Tables!$A$92:$A$95,Tables!$A$92:$A$95,,1,1) -> 30
B115: Y1 | C115: =_xlfn.XLOOKUP($C$113,Tables!$A$92:$A$95,Tables!$B$92:$B$95,,0) -> 1.75
B116: Y2 | C116: =_xlfn.XLOOKUP($C$114,Tables!$A$92:$A$95,Tables!$B$92:$B$95,,0) -> 1
B117: Impact Factor | C117: =IFERROR(_xlfn.FORECAST.LINEAR($C$34,C115:C116,C113:C114),VLOOKUP($C$34,Tables!$A$92:$B$95,2, FALSE)) -> 1.7263923
B119: Railroad Stiffness Factor for Cyclic Circumferential Stress - 5 ksi | E119: Railroad Stiffness Factor for Cyclic Circumferential Stress - 10 ksi | H119: Railroad Stiffness Factor for Cyclic Circumferential Stress - 20 ksi | K119: Er (psi) | L119: Stiffness Factor for Earth Load Circumferential Stress
B120: X1 | C120: =_xlfn.XLOOKUP($C$86,Tables!A100:A119,Tables!A100:A119,,-1,1) -> 0.01867 | E120: X1 | F120: =_xlfn.XLOOKUP($C$86,Tables!C100:C119,Tables!C100:C119,,-1,1) -> 0.01867 | H120: X1 | I120: =_xlfn.XLOOKUP($C$86,Tables!E100:E119,Tables!E100:E119,,-1,1) -> 0.01867 | K120: 5000 | L120: =C124 -> 441.03809
B121: X2 | C121: =_xlfn.XLOOKUP($C$86,Tables!A100:A119,Tables!A100:A119,,1,1) -> 0.02526 | E121: X2 | F121: =_xlfn.XLOOKUP($C$86,Tables!C100:C119,Tables!C100:C119,,1,1) -> 0.02526 | H121: X2 | I121: =_xlfn.XLOOKUP($C$86,Tables!E100:E119,Tables!E100:E119,,1,1) -> 0.02526 | K121: 10000 | L121: =F124 -> 326.73442
B122: Y1 | C122: =_xlfn.XLOOKUP(C120,Tables!A100:A119,Tables!B100:B119,,0) -> 451 | E122: Y1 | F122: =_xlfn.XLOOKUP(F120,Tables!C100:C119,Tables!D100:D119,,0) -> 332 | H122: Y1 | I122: =_xlfn.XLOOKUP(I120,Tables!E100:E119,Tables!F100:F119,,0) -> 240 | K122: 20000 | L122: =I124 -> 238.00762
B123: Y2 | C123: =_xlfn.XLOOKUP(C121,Tables!A100:A119,Tables!B100:B119,,0) -> 381 | E123: Y2 | F123: =_xlfn.XLOOKUP(F121,Tables!C100:C119,Tables!D100:D119,,0) -> 295 | H123: Y2 | I123: =_xlfn.XLOOKUP(I121,Tables!E100:E119,Tables!F100:F119,,0) -> 226
...

Sheet Hand Calcs
A1: Inputs
A2: Pipe Diameter | B2: 12 | C2: in
A3: D - Pipe Outside Diameter | B3: =IFERROR(VLOOKUP(B2, 'Railroad Loading'!B312:C347, 2, FALSE), B2) -> 12.75 | C3: in
A4: tw - Wall Thickness | B4: 0.25 | C4: in
A5: SMYS | B5: 42000 | C5: psi
A6: Design Class Location | B6: 1
A7: F - Design Factor | B7: =VLOOKUP(B6,'Railroad Loading'!B280:C283,2, FALSE) -> 0.72
A8: Pipe Class | B8: Electric Resistance Welded
A9: E - Longitudinal Joint Factor | B9: =VLOOKUP(B8,'Railroad Loading'!B287:C294,2, FALSE) -> 1
A10: Pipe Material | B10: Steel
A11: Es - Young's Modulus | B11: 30000000 | C11: psi
A12: v - Poisson's Ratio | B12: =(VLOOKUP(B10,'Railroad Loading'!B299:E308,3, FALSE)) -> 0.3
A13: α - Coefficient of thermal expansion | B13: =(VLOOKUP(B10,'Railroad Loading'!B299:E308,4, FALSE)) -> 6.5e-06 | C13: 1/°F
A14: T - Temperature Derating Factor | B14: 1 | G14: Typically equal to 1 near ambient temperature
A15: T2 - Operating Temperature | B15: 70 | C15: °F
A16: P - Operating Pressure | B16: 800 | C16: psi
A17: Soil Type | B17: Soft to medium clays and silts with high plasticities
A18: E' - Modulus of Soil Reaction | B18: =VLOOKUP(B17, 'Railroad Loading'!B272:D277,2, FALSE) -> 200 | C18: psi
A19: Er - Resilient Modulus | B19: =VLOOKUP(B17, 'Railroad Loading'!B272:D277,3, FALSE) -> 5000 | C19: psi
A20: γ - Average Unit Weight of Soil | B20: 120 | C20: lb/ft3 | G20: Typically equal to 120 PCF
A21: H - Pipe Depth | B21: 6 | C21: ft
A22: Bd - Bored Diameter | B22: 14.8 | C22: inch | G22: Typically equal to D+2
A23: T1 - Installation Temperature | B23: 70 | C23: °F
A24: Number of Tracks | B24: 2
A25: w - Applied Design Surface Pressure | B25: 13.9 | C25: psi | G25: Typically equal to 13.9
A27: Result | B27: Spreadsheet Calculation | D27: Hand Calc Formulas | E27: Hand Calc Results | G27: Source
A28: Shi(Barlow) - Hoop Stress | B28: ='Railroad Loading'!C43 -> 20400 | C28: psi | D28: =ROUND(B16*B3/(2*B4),2)&" = "&B16&"*"&B3&"/(2*"&B4&")" -> 20400 = 800*12.75/(2*0.25) | E28: =B16*B3/(2*B4) -> 20400
A29: Allowable Hoop Stress | B29: ='Railroad Loading'!C44 -> 30240 | C29: psi | D29: =ROUND(B7*B9*B14*B5,2)&" = "&B7&"*"&B9&"*"&B14&"*"&B5 -> 30240 = 0.72*1*1*42000 | E29: =B7*B9*B14*B5 -> 30240
M30: Burial Factor - Earth Load
A31: Khe - Stiffness Factor for Earth Load Circumferential Stress | B31: ='Railroad Loading'!C46 -> 3141.1765 | G31: Refer To "Stiffness Factor - Earth Load" Chart | M31: Data
A32: Be - Burial Factor for Earth Load Circumferential Stress | B32: ='Railroad Loading'!C47 -> 1.0658475 | G32: Refer To "Burial Factor - Earth Load" Chart | M32: {=F84:G85} -> H/Bd
A33: Ee - Excavation Factor for Earth Load Circumferential Stress | B33: ='Railroad Loading'!C48 -> 1.1041078 | G33: Refer To "Excavation Factor - Earth Load" Chart
A34: SHe - Circumferential Stress from Earth Load | B34: ='Railroad Loading'!C49 -> 3273.0043 | C34: psi | D34: =ROUND(B31*B32*B33*(B20/12^3)*B3,2)&" = "&ROUND(B31,2)&"*"&ROUND(B32,2)&"*"&ROUND(B33,2)&"*("&B20&"/12^3)*"&B3 -> 3273 = 3141.18*1.07*1.1*(120/12^3)*12.75 | E34: =B31*B32*B33*(B20/12^3)*B3 -> 3273.0043 | M34: =VLOOKUP(M30,Tables!A2:B12,2, FALSE) -> #VALUE!
A36: Fi - Impact Factor | B36: ='Railroad Loading'!C51 -> 1.7263923 | G36: Refer To "Impact Factor" Chart
A38: Nh - Railroad Double Track Factor for Circumferential Stress | B38: ='Railroad Loading'!C53 -> 1.1398775 | G38: Refer To "Railroad Track Factor - Circum." Chart
A39: KHr - Railroad Stiffness Factor for Cyclic Circumferential Stress | B39: ='Railroad Loading'!C54 -> 441.03809 | G39: Refer To "Stiffness Factor - Circum." Chart
A40: GHr - Railroad Geometry Factor for Cyclic Circumferential Stress | B40: ='Railroad Loading'!C55 -> 0.98525 | G40: Refer To "Geometry Factor - Circum." Chart
A41: SHr - Railroad Cyclic Circumferential Stress | B41: ='Railroad Loading'!C56 -> 11885.98 | C41: psi | D41: =ROUND(B39*B40*B38*B36*B25,2)&" = "&ROUND(B39,2)&"*"&ROUND(B40,2)&"*"&ROUND(B38,2)&"*"&ROUND(B36,2)&"*"&B25 -> 11885.98 = 441.04*0.99*1.14*1.73*13.9 | E41: =B39*B40*B38*B36*B25 -> 11885.98
A42: NL - Railroad Double Track Factor Longitudinal Stress | B42: ='Railroad Loading'!C57 -> 1.0207291 | G42: Refer To "Railroad Track Factor - Long." Chart
A43: KLr - Railroad Stiffness Factor Cyclic Longitudinal Stress | B43: ='Railroad Loading'!C58 -> 464.98039 | G43: Refer To "Stiffness Factor - Long." Chart
A44: GLr - Railroad Geometry Factor Cyclic Longitudinal Stress | B44: ='Railroad Loading'!C59 -> 1.11 | G44: Refer To "Geometry Factor - Long." Chart
A45: SLr - Railroad Cyclic Longitudinal Stress | B45: ='Railroad Loading'!C60 -> 12642.192 | C45: psi | D45: =ROUND(B43*B44*B42*B36*B25,2)&" = "&ROUND(B43,2)&"*"&ROUND(B44,2)&"*"&ROUND(B42,2)&"*"&ROUND(B36,2)&"*"&B25 -> 12642.19 = 464.98*1.11*1.02*1.73*13.9 | E45: =B43*B44*B42*B36*B25 -> 12642.192
A47: Shi - Circumferential Stress Due to Internal Pressurization | B47: ='Railroad Loading'!C62 -> 20000 | C47: psi | D47: =ROUND(B16*(B3-B4)/(2*B4),2)&" = "&B16&"*("&B3&"-"&B4&")/(2*"&B4&")" -> 20000 = 800*(12.75-0.25)/(2*0.25) | E47: =B16*(B3-B4)/(2*B4) -> 20000
A48: S1 - Maximum Circumferential Stress | B48: ='Railroad Loading'!C63 -> 35158.984 | C48: psi | D48: =ROUND(B34+B41+B47,2)&" = "&ROUND(B34,2)&"+"&ROUND(B41,2)&"+"&ROUND(B47,2) -> 35158.98 = 3273+11885.98+20000 | E48: =B34+B41+B47 -> 35158.984
A49: S2 - Maximum Longitudinal Stress | B49: ='Railroad Loading'!C64 -> 19624.093 | C49: psi | D49: =ROUND(B45-B11*B13*(B23-B15)+B12*(B34+B47),2)&" = "&ROUND(B45,2)&"-"&B11&"*"&B13&"*("&B23&"-"&B15&")+"&B12&"*("&ROUND(B34,2)&"+"&ROUND(B47,2)&")" -> 19624.09 = 12642.19-30000000*0.0000065*(70-70)+0.3*(3273+20000) | E49: =B45-B11*B13*(B23-B15)+B12*(B34+B47) -> 19624.093
A50: S3 - Maximum Radial Stress Result | B50: ='Railroad Loading'!C65 -> -800 | C50: psi | D50: =ROUND(-B16,2)&" = -"&B16 -> -800 = -800 | E50: =-B16 -> -800
A51: Seff - Total Effective Stress | B51: ='Railroad Loading'!C66 -> 31237.197 | C51: psi | D51: =ROUND(SQRT(0.5*((B48-B49)^2+(B49-B50)^2+(B50-B48)^2)),2)&" = SQRT(0.5*(("&ROUND(B48,2)&"-"&ROUND(B49,2)&")^2+("&ROUND(B49,2)&"-"&ROUND(B50,2)&")^2+("&ROUND(B50,2)&"-"&ROUND(B48,2)&")^2))" -> 31237.2 = SQRT(0.5*((35158.98-19624.09)^2+(19624.09--800)^2+(-800-35158.98)^2)) | E51: =SQRT(0.5*((B48-B49)^2+(B49-B50)^2+(B50-B48)^2)) -> 31237.197
A54: Allowable Effective Stress | B54: ='Railroad Loading'!C69 -> 30240 | C54: psi | D54: =ROUND(B5*B7,2)&" = "&B5&"*"&B7 -> 30240 = 42000*0.72 | E54: =B5*B7 -> 30240
A56: Fatigue Resistance of Girth Welds | B56: ='Railroad Loading'!C71 -> 12000 | G56: Refer To "Fatigue Endurance Limits Chart" for SFG
A57: Fatigue Resistance of Longitudinal Welds | B57: ='Railroad Loading'!C72 -> 21000 | G57: Refer To "Fatigue Endurance Limits Chart" for SFL
A58: Allowable Stress of Girth Welds | B58: ='Railroad Loading'!C73 -> 8640 | C58: psi | D58: =ROUND(B56*B7,2)&" = "&B56&"*"&B7 -> 8640 = 12000*0.72 | E58: =B56*B7 -> 8640
A59: Allowable Stress of Longitudinal Welds | B59: ='Railroad Loading'!C74 -> 15120 | C59: psi | D59: =ROUND(B57*B7,2)&" = "&B57&"*"&B7 -> 15120 = 21000*0.72 | E59: =B57*B7 -> 15120
A62: Stress | B62: ='Railroad Loading'!C77 -> Calculated (psi) | C62: Allowable (psi) | D62: Pass/Fail
A63: Barlow Stress | B63: ='Railroad Loading'!C78 -> 20400 | C63: =B29 -> 30240 | D63: =IF(B63>=C63, "Fail", "Pass") -> Pass
A64: Effective Stress | B64: ='Railroad Loading'!C79 -> 31237.197 | C64: =B54 -> 30240 | D64: =IF(B64>=C64, "Fail", "Pass") -> Fail
A65: Girth Welds | B65: ='Railroad Loading'!C80 -> 12385.453 | C65: =B58 -> 8640 | D65: =IF(B65>=C65, "Fail", "Pass") -> Fail
A66: Long. Welds | B66: ='Railroad Loading'!C81 -> 10427.419 | C66: =B59 -> 15120 | D66: =IF(B66>=C66, "Fail", "Pass") -> Pass
B68: Hand Calcs Formulas For Stresses
A69: Barlow Stress | B69: =ROUND(E28,2)&" = "&B16&"*"&B3&"/(2*"&B4&")" -> 20400 = 800*12.75/(2*0.25) | C69: =ROUND(E29,2)&" = "&B7&"*"&B9&"*"&B14&"*"&B5 -> 30240 = 0.72*1*1*42000
A70: Effective Stress | B70: =ROUND(E51,2)&" = SQRT(0.5*(("&ROUND(B48,2)&"-"&ROUND(B49,2)&")^2+("&ROUND(B49,2)&"-"&ROUND(B50,2)&")^2+("&ROUND(B50,2)&"-"&ROUND(B48,2)&")^2))" -> 31237.2 = SQRT(0.5*((35158.98-19624.09)^2+(19624.09--800)^2+(-800-35158.98)^2)) | C70: =ROUND(E54,2)&" = "&B5&"*"&B7 -> 30240 = 42000*0.72
A71: Girth Welds | B71: =ROUND(E45,2)&" = "&ROUND(B43,2)&"*"&ROUND(B44,2)&"*"&ROUND(B42,2)&"*"&ROUND(B36,2)&"*"&B25 -> 12642.19 = 464.98*1.11*1.02*1.73*13.9 | C71: =ROUND(E58,2)&" = "&B56&"*"&B7 -> 8640 = 12000*0.72
A72: Long. Welds | B72: =ROUND(E41,2)&" = "&ROUND(B39,2)&"*"&ROUND(B40,2)&"*"&ROUND(B38,2)&"*"&ROUND(B36,2)&"*"&B25 -> 11885.98 = 441.04*0.99*1.14*1.73*13.9 | C72: =ROUND(E59,2)&" = "&B57&"*"&B7 -> 15120 = 21000*0.72
B74: Hand Calc Results
A75: Barlow Stress | B75: =E28 -> 20400 | C75: =E29 -> 30240
A76: Effective Stress | B76: =E51 -> 31237.197 | C76: =E54 -> 30240
A77: Girth Welds | B77: =E45 -> 12642.192 | C77: =E58 -> 8640
A78: Long. Welds | B78: =E41 -> 11885.98 | C78: =E59 -> 15120
A83: Values Used in Charts | F83: Values Applicable
A84: Stiffness Factor - Earth Load | B84: E' | C84: =B18 -> 200 | D84: psi | F84: {=IF(IFERROR(INDEX(B$84:B$101, SMALL(IF($M$30=$A$84:$A$101, ROW($A$84:$A$101)-ROW($A$84)+1), ROW(1:1))),"")=0, "", IFERROR(INDEX(B$84:B$101, SMALL(IF($M$30=$A$84:$A$101, ROW($A$84:$A$101)-ROW($A$84)+1), ROW(1:1))),""))} -> H/Bd | G84: {=IF(IFERROR(INDEX(D$84:D$101, SMALL(IF($M$30=$A$84:$A$101, ROW($A$84:$A$101)-ROW($A$84)+1), ROW(1:1))),"")=0, "", IFERROR(INDEX(D$84:D$101, SMALL(IF($M$30=$A$84:$A$101, ROW($A$84:$A$101)-ROW($A$84)+1), ROW(1:1))),""))}
A85: Stiffness Factor - Earth Load | B85: tw/D | C85: =B4/B3 -> 0.019607843 | F85: {=IF(IFERROR(INDEX(B$84:B$101, SMALL(IF($M$30=$A$84:$A$101, ROW($A$84:$A$101)-ROW($A$84)+1), ROW(2:2))),"")=0, "", IFERROR(INDEX(B$84:B$101, SMALL(IF($M$30=$A$84:$A$101, ROW($A$84:$A$101)-ROW($A$84)+1), ROW(2:2))),""))} | G85: {=IF(IFERROR(INDEX(D$84:D$101, SMALL(IF($M$30=$A$84:$A$101, ROW($A$84:$A$101)-ROW($A$84)+1), ROW(2:2))),"")=0, "", IFERROR(INDEX(D$84:D$101, SMALL(IF($M$30=$A$84:$A$101, ROW($A$84:$A$101)-ROW($A$84)+1), ROW(2:2))),""))}
A86: Burial Factor - Earth Load | B86: H/Bd | C86: =B21*12/B22 -> 4.8648649
A87: Excavation Factor - Earth Load | B87: Bd/D | C87: =B22/B3 -> 1.1607843
A88: Impact Factor | B88: H | C88: =B21 -> 6 | D88: ft
A89: Railroad Track Factor - Circum. | B89: H | C89: =B21 -> 6 | D89: ft
A90: Railroad Track Factor - Circum. | B90: D | C90: =B3 -> 12.75 | D90: in
A91: Stiffness Factor - Circum. | B91: Er | C91: =B19 -> 5000 | D91: psi
A92: Stiffness Factor - Circum. | B92: tw/D | C92: =B4/B3 -> 0.019607843
A93: Geometry Factor - Circum. | B93: H | C93: =B21 -> 6 | D93: ft
A94: Geometry Factor - Circum. | B94: D | C94: =B3 -> 12.75 | D94: in
A95: Railroad Track Factor - Long. | B95: H | C95: =B21 -> 6 | D95: ft
A96: Railroad Track Factor - Long. | B96: D | C96: =B3 -> 12.75 | D96: in
A97: Stiffness Factor - Long. | B97: Er | C97: =B19 -> 5000 | D97: psi
A98: Stiffness Factor - Long. | B98: tw/D | C98: =B4/B3 -> 0.019607843
A99: Geometry Factor - Long. | B99: H | C99: =B21 -> 6 | D99: ft
A100: Geometry Factor - Long. | B100: D | C100: =B3 -> 12.75 | D100: in
A101: Fatigue Endurance Limits | B101: SMYS | C101: =B5 -> 42000 | D101: psi
A108: Sources
A109: API Recommended Practice 1102, Seventh Edition, December 2007, Reaffirmed June 2024
A110: 49 CFR 192.111
A111: 49 CFR 192.113
A112: PE Mechanical Reference Handbook

Sheet Tables
A1: Charts
A2: Stiffness Factor - Earth Load | B2: #VALUE!
A3: Burial Factor - Earth Load | B3: #VALUE!
A4: Excavation Factor - Earth Load | B4: #VALUE!
A5: Impact Factor | B5: #VALUE!
A6: Railroad Track Factor - Circum. | B6: #VALUE!
A7: Stiffness Factor - Circum. | B7: #VALUE!
A8: Geometry Factor - Circum. | B8: #VALUE!
A9: Railroad Track Factor - Long. | B9: #VALUE!
A10: Stiffness Factor - Long. | B10: #VALUE!
A11: Geometry Factor - Long. | B11: #VALUE!
A12: Fatigue Endurance Limits | B12: #VALUE!
A15: Stiffness Factor for Earth Load Circumferential Stress
A16: E = .2 ksi | C16: E = .5 ksi | E16: E = 1 ksi | G16: E = 2 ksi
A17: X (tw/D) | B17: Y (Khe) | C17: X (tw/D) | D17: Y (Khe) | E17: X (tw/D) | F17: Y (Khe) | G17: X (tw/D) | H17: Y (Khe)
A18: 0 | B18: 11632 | C18: 0 | D18: 7625 | E18: 0 | F18: 5772 | G18: 0 | H18: 4443
A19: 0.00726 | B19: 11632 | C19: 0.00726 | D19: 7625 | E19: 0.00738 | F19: 5772 | G19: 0.00726 | H19: 4443
A20: 0.00811 | B20: 11632 | C20: 0.00792 | D20: 7625 | E20: 0.00775 | F20: 5449 | G20: 0.00775 | H20: 4000
A21: 0.00825 | B21: 11338 | C21: 0.00825 | D21: 7286 | E21: 0.00825 | F21: 5175 | G21: 0.00825 | H21: 3804
A22: 0.01 | B22: 8552 | C22: 0.01 | D22: 6280 | E22: 0.01 | F22: 4499 | G22: 0.01 | H22: 3208
A23: 0.0125 | B23: 6564 | C23: 0.0125 | D23: 5374 | E23: 0.0125 | F23: 3882 | G23: 0.0125 | H23: 2777
A24: 0.015 | B24: 4873 | C24: 0.015 | D24: 4305 | E24: 0.015 | F24: 3261 | G24: 0.015 | H24: 2404
A25: 0.0175 | B25: 3900 | C25: 0.0175 | D25: 3476 | E25: 0.0175 | F25: 2791 | G25: 0.0175 | H25: 2145
A26: 0.02 | B26: 3000 | C26: 0.02 | D26: 2663 | E26: 0.02 | F26: 2292 | G26: 0.02 | H26: 1852
A27: 0.025 | B27: 1781 | C27: 0.025 | D27: 1642 | E27: 0.025 | F27: 1545 | G27: 0.025 | H27: 1387
A28: 0.03 | B28: 1153 | C28: 0.03 | D28: 1077 | E28: 0.03 | F28: 1066 | G28: 0.03 | H28: 1000
A29: 0.035 | B29: 819 | C29: 0.035 | D29: 819 | E29: 0.035 | F29: 819 | G29: 0.035 | H29: 819
... A39: 5 | B39: 88 | C39: 5 | D39: 88 | E39: 5 | F39: 88 | G39: 5 | H39: 88
A41: Burial Factor Earth Load
A42: Type A | C42: Type B
A43: X (H/Bd) | B43: Y (Be) | C43: X (H/Bd) | D43: Y (Be)
A44: 0 | B44: 0 | C44: 0 | D44: 0
A45: 1 | B45: 0.321 | C45: 1 | D45: 0.321
A46: 2 | B46: 0.644 | C46: 2 | D46: 0.631
A47: 3 | B47: 0.844 | C47: 3 | D47: 0.776
A48: 4 | B48: 0.983 | C48: 4 | D48: 0.893
A49: 5 | B49: 1.077 | C49: 5 | D49: 0.964
A50: 6 | B50: 1.162 | C50: 6 | D50: 1.032
A51: 7 | B51: 1.215 | C51: 7 | D51: 1.071
A52: 8 | B52: 1.26 | C52: 8 | D52: 1.108
A53: 9 | B53: 1.295 | C53: 9 | D53: 1.133
A54: 10 | B54: 1.325 | C54: 10 | D54: 1.152
A55: 11 | B55: 1.342 | C55: 11 | D55: 1.164
... A77: 60 | B77: 1.364 | C77: 60 | D77: 1.173
A79: Excavation Factor
A80: X (Bd/D) | B80: Y (Ee)
A81: 1 | B81: 0.8307
A82: 1.05 | B82: 0.909
A83: 1.1 | B83: 0.9966
A84: 1.15 | B84: 1.0903
A85: 1.2 | B85: 1.1909
A86: 1.25 | B86: 1.2941
A87: 1.3 | B87: 1.4
A88: 5 | B88: =(B87-B86)/(A87-A86)*(A88-A87)+B87 -> 9.2366
A90: Impact Factor
A91: Y (H) | B91: X (Fi)
A92: 0 | B92: 1.75
A93: 5.22 | B93: 1.75
A94: 30 | B94: 1
A95: 100 | B95: 1
A97: Railroad Stiffness Factor for Cyclic Circumferential Stress
A98: Er = 5 ksi | C98: Er = 10 ksi | E98: Er = 20 ksi
A99: X (tw/D) | B99: Y (KHr) | C99: X (tw/D) | D99: Y (KHr) | E99: X (tw/D) | F99: Y (KHr)
A100: 0 | B100: 454 | C100: 0 | D100: 315 | E100: 0 | F100: 196
A101: 0.01058 | B101: 454 | C101: 0.01058 | D101: 315 | E101: 0.01058 | F101: 196
A102: 0.01296 | B102: 474 | C102: 0.01296 | D102: 336 | E102: 0.01296 | F102: 226
A103: 0.01444 | B103: 474 | C103: 0.01444 | D103: 339 | E103: 0.01444 | F103: 233
A104: 0.01867 | B104: 451 | C104: 0.01867 | D104: 332 | E104: 0.01867 | F104: 240
A105: 0.02526 | B105: 381 | C105: 0.02526 | D105: 295 | E105: 0.02526 | F105: 226
A106: 0.03515 | B106: 240 | C106: 0.03515 | D106: 211 | E106: 0.03515 | F106: 179
A107: 0.04258 | B107: 183 | C107: 0.04258 | D107: 165 | E107: 0.04258 | F107: 148
A108: 0.05015 | B108: 143 | C108: 0.05015 | D108: 131 | E108: 0.05015 | F108: 119
A109: 0.06518 | B109: 87 | C109: 0.06518 | D109: 79 | E109: 0.06518 | F109: 72
A110: 0.08 | B110: 48 | C110: 0.08 | D110: 42 | E110: 0.08 | F110: 37
A111: 5 | B111: 48 | C111: 5 | D111: 42 | E111: 5 | F111: 37
A121: Railroad Geometry Factor for Cyclic Circumferential Stress
A122: H = 6' | C122: H = 10' | E122: H = 14'
A123: X (D) | B123: Y (GHr) | C123: X (D) | D123: Y (GHr) | E123: X (D) | F123: Y (GHr)
A124: 0 | B124: 1.006 | C124: 0 | D124: 0.681 | E124: 0 | F124: 0.486
A125: 2 | B125: 1.006 | C125: 2 | D125: 0.681 | E125: 2 | F125: 0.486
A126: 4 | B126: 1.061 | C126: 4 | D126: 0.72 | E126: 4 | F126: 0.513
A127: 6 | B127: 1.085 | C127: 6 | D127: 0.73 | E127: 6 | F127: 0.513
A128: 8 | B128: 1.08 | C128: 8 | D128: 0.724 | E128: 8 | F128: 0.507
A129: 10 | B129: 1.048 | C129: 10 | D129: 0.706 | E129: 10 | F129: 0.495
A130: 12 | B130: 1 | C130: 12 | D130: 0.681 | E130: 12 | F130: 0.483
A131: 18 | B131: 0.882 | C131: 18 | D131: 0.625 | E131: 18 | F131: 0.451
A132: 24 | B132: 0.781 | C132: 24 | D132: 0.573 | E132: 24 | F132: 0.421
A133: 34 | B133: 0.653 | C133: 34 | D133: 0.501 | E133: 34 | F133: 0.374
A134: 42 | B134: 0.579 | C134: 42 | D134: 0.453 | E134: 42 | F134: 0.34
A135: 100 | B135: 0.579 | C135: 100 | D135: 0.453 | E135: 100 | F135: 0.34
A137: Railroad Double Track Factor for Cyclic Circumferential Stress
A138: H = 6' | C138: H = 10' | E138: H = 14'
A139: X (D) | B139: Y (NH) | C139: X (D) | D139: Y (NH) | E139: X (D) | F139: Y (NH)
A140: 0 | B140: 1.0628 | C140: 0 | D140: 1.2107 | E140: 0 | F140: 1.3595
A141: 2 | B141: 1.0628 | C141: 2 | D141: 1.2107 | E141: 2 | F141: 1.3595
A142: 42 | B142: 1.3496 | C142: 42 | D142: 1.4106 | E142: 42 | F142: 1.562
A143: 100 | B143: =(B142-B141)/(A142-A141)*(A143-A142)+B142 -> 1.76546 | C143: 100 | D143: =(D142-D141)/(C142-C141)*(C143-C142)+D142 -> 1.700455 | E143: 100 | F143: =(F142-F141)/(E142-E141)*(E143-E142)+F142 -> 1.855625
A153: Grade and Pipe Type | B153: Grade | C153: Pipe Type | D153: SFG | E153: SFL
A154: =_xlfn.CONCAT(B154, " ", C154) -> 24000 Seamless | B154: 24000 | C154: Seamless | D154: 12000 | E154: 21000
A155: =_xlfn.CONCAT(B155, " ", C155) -> 30000 Seamless | B155: 30000 | C155: Seamless | D155: 12000 | E155: 21000
...

Sheet Sources
A4: eCFR :: 49 CFR Part 192 Subpart C -- Pipe Design
A57: PE Mechanical Reference Handbook
A93: API Recommended Practice 1102, Seventh Edition, December 2007, Reaffirmed June 2024
