Workbook

Sheet Cover
D3: Technical - Tool
D4: Gas Pipeline
D5: API 1102 Highway Loading
B8: HDR Engineering Inc. | D8: Approved By: | F8: Rev 0
B9: Best Practice | F9: Issue Date: | G9: 45665
C10: Author: | D10: Barry Brookins | F10: Owner: | G10: Barry Brookins
B13: Revision History
B14: Rev | C14: Description of Change | G14: Effective Date
D15: Originator | E15: Checker | F15: Reviewer
B16: 0 | C16: Initial Release | D16: Barry B. | E16: Holly E. | G16: 45665
B17: 1
B22: For questions regarding this Spreadsheet contact
B24: Barry Brookins
B25: HDR Engineering Inc. - Rosemont, IL
B26: barry.brookins@hdrinc.com
B28: or
B30: Jon Liechti
B31: HDR Engineering Inc. - Tulsa, OK
B32: 918.281.4330
B33: Jonathan.Liechti@hdrinc.com

Sheet Approval

Sheet Instructions
A1: Conventions for this spreadsheet
A2: Convention | B2: Meaning
A3: Black on White | B3: Formulas or Constants (Not to be updated)
A4: Black on Yellow | B4: Data Entry (Overwrites) - Unprotected Cell

Sheet Contents
B2: Table of Contents
B4: SHEET | C4: Contents
B5: Cover | C5: Best Practice approval and contact information
A6: 1 | B6: Instructions | C6: Spreadsheet Instructions
A7: =1+A6 -> 2 | B7: Contents | C7: Table of Contents
A8: =1+A7 -> 3 | B8: Info | C8: User Information
A9: =1+A8 -> 4 | B9: Highway Loading | C9: API 1102 Highway Loading Analysis
A10: =1+A9 -> 5 | B10: Hand Calcs | C10: QC Hand-Calc
A11: =1+A10 -> 6 | B11: Tables | C11: Tables used for dropdowns and VLOOKUP's within the calculation tab
A12: =1+A11 -> 7 | B12: Sources | C12: Sources used for calculations
A13: =1+A12 -> 8
A14: =1+A13 -> 9
A15: =1+A14 -> 10
A16: =1+A15 -> 11
A17: =1+A16 -> 12
A18: =1+A17 -> 13
A19: =1+A18 -> 14
A20: =1+A19 -> 15
A21: =1+A20 -> 16
A22: =1+A21 -> 17
A23: =1+A22 -> 18
A24: =1+A23 -> 19
... A29: =1+A28 -> 24

Sheet Info
A1: ReadMe
A3: 1 PURPOSE
A4: The purpose of this procedure is to check the combined stress of a pipeline due to internal pipeline pressure and external highway loading.
A6: 2 DEFINITIONS
A9: 3 PROCEDURES
A10: The stresses due to internal and external highway loads on a pipeline is determined by first acquiring the allowable and actual Barlow stress, and the circumferntial stress due to the earth load. Then the cyclic circumferential and longitudinal stresses are calculated, followed by the circumferential stress due to internal pressurization. Next, the max circumferential, longitudinal, and radial stresses are calculated. Finally, the actual and allowable effective, girth, and longitudinal stresses are calculated.
A11: 3.1 Calculate the Hoop Stress (Barlow):
A12: Hoop Stress (Barlow) = Pressure * Pipe Diameter / (2 * Wall Thickness)
A13: 3.2 Calculate the Allowable Hoop Stress:
A14: Allowable Hoop Stress = Design Factor * Longitudinal Joint Factor * Temperature Derating Factor * SMYS
A15: 3.3 Calculate the Circumferential Stress from Earth Load:
A16: Circumferential Stress from Earth Load = Stiffness Factor for Earth Load Circumferential Stress * Burial Factor for Earth Load Circumferential Stress * Excavation Factor for Earth Load Circumferential Stress * Average Unit Weight of Soil * Pipe Diameter
... A49: For conditions outside these ranges, consult API RP 1102 directly.

Sheet Highway Loading
A1: API 1102 Highway Loading
A3: Purpose | B3: The purpose of this procedure is to check the combined stress of a pipeline due to internal pipeline pressure and external highway loading.
A5: Find | B5: Description | C5: Variable | D5: Unit | E5: Comment
B6: Barlow Stress | C6: SHi | D6: psi
B7: Effective Stress | C7: Seff | D7: psi
B8: Girth Weld Stress | C8: SLh | D8: psi
B9: Long. Weld Stress | C9: SHh | D9: psi
A11: Given | B11: Description | C11: Value | D11: Unit | E11: Comment
B12: Pipe Diameter | C12: 12 | D12: in
B13: D - Pipe Outside Diameter | C13: =IF(ISBLANK($C$12)=TRUE,"",HLOOKUP($C$12,'Highway Loading'!$C$155:$AD$156,2,FALSE)) -> 12.75 | D13: in
B14: tw - Wall Thickness | C14: 0.25 | D14: in
B15: Pipe Specification | C15: API 5L
B16: Pipe Grade | C16: X65
B17: SMYS | C17: =IF(ISBLANK($C$16)=TRUE,"",INDEX('Highway Loading'!$C$216:$AG$216,MATCH($C$16,'Highway Loading'!$C$215:$AG$215,0))) -> 65000 | D17: psi
B18: Pipeline Location | C18: Pipelines, mains, and service lines
B19: Class Location | C19: 1
B20: F - Design Factor | C20: =INDEX('Highway Loading'!I245:L253,MATCH(C18,'Highway Loading'!H245:H253,0),MATCH(C19,'Highway Loading'!I244:L244,0)) -> 0.72
B21: Pipe Class | C21: Electric Resistance Welded
B22: E - Longitudinal Joint Factor | C22: =IF(ISBLANK($C$21),"",IF(OR($C$21="SEAMLESS",$C$21="ELECTRIC RESISTANCE WELDED",$C$21="SUBMERGED ARC WELDED",$C$21="COMBINATION WELDED"),1,IF($C$21="FURNACE BUTT WELDED",0.6,IF($C$21="ELECTRIC FUSION WELDED, EVEN CLASS",1,IF($C$21="ELECTRIC FUSION WELDED, ODD CLASS",0.8,IF($C$13>4.5,0.8,0.6)))))) -> 1
B23: Pipe Material | C23: Steel
B24: Es - Young's Modulus | C24: =(VLOOKUP(C23,'Highway Loading'!B283:E292,2, FALSE)) -> 29000000 | D24: psi | E24: =_xlfn.CONCAT("Typically ", (VLOOKUP(C23,'Highway Loading'!B283:E292,2, FALSE)), " psi") -> Typically 29000000 psi
B25: v - Poisson's Ratio | C25: =(VLOOKUP(C23,'Highway Loading'!B283:E292,3, FALSE)) -> 0.3
B26: α - Coefficient of thermal expansion | C26: =(VLOOKUP(C23,'Highway Loading'!B283:E292,4, FALSE)) -> 6.5e-06 | D26: 1/°F
B27: T2 - Operating Temperature | C27: 70 | D27: °F | E27: Recommended Temp. Range: -20°F to 450°F
B28: T - Temperature Derating Factor | C28: =IF(C27>250, 1-(1/30/50*(C27-250)), 1) -> 1
B29: P - Operating Pressure | C29: 1000 | D29: psi | E29: Allowable Range: 0 to 6000
B30: Soil Type | C30: Loose sands and gravels
B31: E' - Modulus of Soil Reaction | C31: =VLOOKUP(C30, 'Highway Loading'!B256:D261,2, FALSE) -> 500 | D31: psi
B32: Er - Resilient Modulus | C32: =VLOOKUP(C30, 'Highway Loading'!B256:D261,3, FALSE) -> 10000 | D32: psi
B33: γ - Average Unit Weight of Soil | C33: 120 | D33: lb/ft3 | E33: Typically equal to 120 PCF. Allowable range: 50-200
B34: H - Pipe Depth | C34: 6 | D34: ft | E34: Allowable Range: 1 to 30
B35: Bd - Bored Diameter | C35: 14.75 | D35: inch | E35: Equal to D+2 if pipe is proposed or within 10 years of installation Equal to D+1 if pipe is within 10-20 years of installation Equal to D if pipe was installed greater than 20 years ago
B36: Pavement Type | C36: Flexible
B37: Critical Configuration | C37: Tandem Axle | E37: Cricitical case is tandem axle unless: no pavement, H < 4 ft., and D <= 12 in.
B38: Design Wheel Load | C38: =(VLOOKUP(C37,'Highway Loading'!B340:C341,2,FALSE)) -> 10000 | D38: lbs
B39: T1 - Installation Temperature | C39: 70 | D39: °F | E39: Allowed Temp. Range: -20°F to 450°F
A41: Equations | B41: Hoop Stress (Barlow) = Pressure * Pipe Diameter / (2 * Wall Thickness) Allowable Hoop Stress = Design Factor * Longitudinal Joint Factor * Temperature Derating Factor * SMYS Circumferential Stress from Earth Load = Stiffness Factor for Earth Load Circumferential Stress * Burial Factor for Earth Load Circumferential Stress * Excavation Factor for Earth Load Circumferential Stress * Average Unit Weight of Soil * Pipe Diameter Highway Cyclic Circumferential Stress = Highway Stiffness Factor for Cyclic Circumferential Stress * Highway Geometry Factor for Cyclic Circumferential Stress * Highway Pavement Type Factor * Axle Configuration Factor * Impact Factor * Design Wheel Load Highway Cyclic Longitudinal Stress = Highway Stiffness Factor for Cyclic Longitudinal Stress * Highway Geometry Factor for Cyclic Longitudinal Stress * Highway Pavement Type Factor * Axle Configuration Factor * Impact Factor * Design Wheel Load Circumferential Stress Due to Internal Pressurization = Pressure * (Pipe Diameter - Wall Thickness) / (2 * Wall Thickness) Maximum Circumferential Stress = Circumferential Stress from Earth Load + Highway Cyclic Circumferential Stress + Circumferential Stress Due to Internal Pressurization Maximum Longitudinal Stress = Highway Cyclic Longitudinal Stress - Young's Modulus * Coeffient of Thermal Expansion * (Installation Temp - Operating Temp) + Poisson's Ratio * (Circumferential Stress from Earth Load + Circumferential Stress Due to Internal Pressurization) Maximum Radial Stress Result = -1 * Pressure Total Effective Stress = Sqrt(1/2 * (Maximum Circumferential Stress - Maximum Longitudinal Stress)^2 + (Maximum Longitudinal Stress - Maximum Radial Stress)^2 + (Maximum Radial Stress - Maximum Circumferential Stress)^2) Allowable Effective Stress = SMYS * Design Factor Allowable Stress of Girth Welds = Fatigue Resistance of Girth Welds * Design Factor Allowable Stress of Longitudinal Welds = Fatigue Resistance of Longitudinal Welds * Design Factor
A43: Calculations | B43: Description | C43: Value | D43: Unit | E43: Comment
B44: Shi(Barlow) - Hoop Stress | C44: =C29*C13/(2*C14) -> 25500 | D44: psi
B45: Allowable Hoop Stress | C45: =C20*C22*C28*C17 -> 46800 | D45: psi
B47: Khe - Stiffness Factor for Earth Load Circumferential Stress | C47: =VLOOKUP(C31, N92:O95, 2, FALSE) -> 2790.5294
B48: Be - Burial Factor for Earth Load Circumferential Stress | C48: =IF(C31<1000, C103, F103) -> 1.0658475
B49: Ee - Excavation Factor for Earth Load Circumferential Stress | C49: =C110 -> 1.1041078
B50: SHe - Circumferential Stress from Earth Load | C50: =C47*C48*C49*(C33/(12^3))*C13 -> 2907.6414 | D50: psi
B52: Fi - Impact Factor | C52: =C117 -> 1.4762195
B54: KHh - Highway Stiffness Factor for Cyclic Circumferential Stress | C54: =VLOOKUP(C32, K120:L122, 2, FALSE) -> 14.207908
B55: GHh - Highway Geometry Factor for Cyclic Circumferential Stress | C55: =IF(C34<6, C131, IF(C34<8, F131, IF(C34<10, I131, L131))) -> 1.01675
B56: R - Highway Pavement Type Factor | C56: =IF(OR(C34>=4, C13>12),VLOOKUP(_xlfn.CONCAT(C36," ",C37),Tables!D143:F148,2,FALSE), VLOOKUP(_xlfn.CONCAT(C36," ",C37),Tables!A143:C148,2,FALSE)) -> 1
B57: L - Axle Configuration Factor | C57: =IF(OR(C34>=4, C13>12),VLOOKUP(_xlfn.CONCAT(C36," ",C37),Tables!D143:F148,3,FALSE), VLOOKUP(_xlfn.CONCAT(C36," ",C37),Tables!A143:C148,3,FALSE)) -> 1
B58: SHh - Highway Cyclic Circumferential Stress | C58: =C54*C55*C56*C57*C52*C38/12^2 -> 1480.924 | D58: psi
B59: KLh - Highway Stiffness Factor Cyclic Longitudinal Stress | C59: =VLOOKUP(C32, K135:L137, 2, FALSE) -> 9.7852745
B60: GLh - Highway Geometry Factor Cyclic Longitudinal Stress | C60: =IF(C34<6, C148, IF(C34<8, F148, IF(C34<10, I148, L148))) -> 1.0025
B61: SLh - Highway Cyclic Longitudinal Stress | C61: =C59*C60*C56*C57*C52*(C38/12^2) -> 1005.6477 | D61: psi
B63: Shi - Circumferential Stress Due to Internal Pressurization | C63: =C29*(C13-C14)/(2*C14) -> 25000 | D63: psi
B64: S1 - Maximum Circumferential Stress | C64: =C50+C58+C63 -> 29388.565 | D64: psi
B65: S2 - Maximum Longitudinal Stress | C65: =C61-(C24)*(C26)*(C27-C39)+((C25)*(C50+C63)) -> 9377.9401 | D65: psi
B66: S3 - Maximum Radial Stress Result | C66: =-C29 -> -1000 | D66: psi
B67: Seff - Total Effective Stress | C67: =SQRT(0.5*((C64-C65)^2+(C65-C66)^2+(C66-C64)^2)) -> 26754.361 | D67: psi
B69: Allowable Effective Stress | C69: =C17*C20 -> 46800 | D69: psi
B71: Fatigue Resistance of Girth Welds | C71: =VLOOKUP(_xlfn.CONCAT(C17, " ", C21), Tables!A152:E239, 4, FALSE) -> 12000 | D71: psi
B72: Fatigue Resistance of Longitudinal Welds | C72: =VLOOKUP(_xlfn.CONCAT(C17, " ", C21), Tables!A152:E239, 5, FALSE) -> 23000 | D72: psi
B73: Allowable Stress of Girth Welds | C73: =C71*C20 -> 8640 | D73: psi
B74: Allowable Stress of Longitudinal Welds | C74: =C72*C20 -> 16560 | D74: psi
A77: Summary | B77: Stress | C77: Calculated (psi) | D77: Allowable (psi) | E77: Pass/Fail
B78: Barlow Stress | C78: =C44 -> 25500 | D78: =C45 -> 46800 | E78: =IF(C78>D78, "Fail", "Pass") -> Pass
B79: Effective Stress | C79: =C67 -> 26754.361 | D79: =C69 -> 46800 | E79: =IF(C79>D79, "Fail", "Pass") -> Pass
B80: Girth Welds | C80: =C61 -> 1005.6477 | D80: =C73 -> 8640 | E80: =IF(C80>D80, "Fail", "Pass") -> Pass
B81: Long. Welds | C81: =C58 -> 1480.924 | D81: =C74 -> 16560 | E81: =IF(C81>D81, "Fail", "Pass") -> Pass
B85: Values Used in Tables
B86: tw/D | C86: =C14/C13 -> 0.019607843
B87: H/Bd | C87: =C34*12/C35 -> 4.8813559
B88: Bd/D | C88: =C35/C13 -> 1.1568627
B91: Stiffness Factor for Earth Load Circumferential Stress - .2 ksi | E91: Stiffness Factor for Earth Load Circumferential Stress - .5 ksi | H91: Stiffness Factor for Earth Load Circumferential Stress - 1 ksi | K91: Stiffness Factor for Earth Load Circumferential Stress - 2 ksi | N91: E' (psi) | O91: Stiffness Factor for Earth Load Circumferential Stress
B92: X1 | C92: =_xlfn.XLOOKUP($C$86,Tables!$A$17:$A$38,Tables!$A$17:$A$38,,-1,1) -> 0.0175 | E92: X1 | F92: =_xlfn.XLOOKUP($C$86,Tables!$C$17:$C$38,Tables!$C$17:$C$38,,-1,1) -> 0.0175 | H92: X1 | I92: =_xlfn.XLOOKUP($C$86,Tables!$E$17:$E$38,Tables!$E$17:$E$38,,-1,1) -> 0.0175 | K92: X1 | L92: =_xlfn.XLOOKUP($C$86,Tables!$G$17:$G$38,Tables!$G$17:$G$38,,-1,1) -> 0.0175 | N92: 200 | O92: =C96 -> 3141.1765
B93: X2 | C93: =_xlfn.XLOOKUP($C$86,Tables!$A$17:$A$38,Tables!$A$17:$A$38,,1,1) -> 0.02 | E93: X2 | F93: =_xlfn.XLOOKUP($C$86,Tables!$C$17:$C$38,Tables!$C$17:$C$38,,1,1) -> 0.02 | H93: X2 | I93: =_xlfn.XLOOKUP($C$86,Tables!$E$17:$E$38,Tables!$E$17:$E$38,,1,1) -> 0.02 | K93: X2 | L93: =_xlfn.XLOOKUP($C$86,Tables!$G$17:$G$38,Tables!$G$17:$G$38,,1,1) -> 0.02 | N93: 500 | O93: =F96 -> 2790.5294
B94: Y1 | C94: =_xlfn.XLOOKUP(C92,Tables!$A$17:$A$38,Tables!$B$17:$B$38,,0) -> 3900 | E94: Y1 | F94: =_xlfn.XLOOKUP(F92,Tables!$C$17:$C$38,Tables!$D$17:$D$38,,0) -> 3476 | H94: Y1 | I94: =_xlfn.XLOOKUP(I92,Tables!$E$17:$E$38,Tables!$F$17:$F$38,,0) -> 2791 | K94: Y1 | L94: =_xlfn.XLOOKUP(L92,Tables!$G$17:$G$38,Tables!$H$17:$H$38,,0) -> 2145 | N94: 1000 | O94: =I96 -> 2370.2745
B95: Y2 | C95: =_xlfn.XLOOKUP(C93,Tables!$A$17:$A$38,Tables!$B$17:$B$38,,0) -> 3000 | E95: Y2 | F95: =_xlfn.XLOOKUP(F93,Tables!$C$17:$C$38,Tables!$D$17:$D$38,,0) -> 2663 | H95: Y2 | I95: =_xlfn.XLOOKUP(I93,Tables!$E$17:$E$38,Tables!$F$17:$F$38,,0) -> 2292 | K95: Y2 | L95: =_xlfn.XLOOKUP(L93,Tables!$G$17:$G$38,Tables!$H$17:$H$38,,0) -> 1852 | N95: 2000 | O95: =L96 -> 1897.9608
B96: Stiffness Factor for Earth Load Circumferential Stress | C96: =IFERROR(_xlfn.FORECAST.LINEAR($C$86,C94:C95,C92:C93),VLOOKUP($C$86,Tables!$A$17:$B$38,2, FALSE)) -> 3141.1765 | E96: Stiffness Factor for Earth Load Circumferential Stress | F96: =IFERROR(_xlfn.FORECAST.LINEAR($C$86,F94:F95,F92:F93),VLOOKUP($C$86,Tables!$C$17:$D$38,2, FALSE)) -> 2790.5294 | H96: Stiffness Factor for Earth Load Circumferential Stress | I96: =IFERROR(_xlfn.FORECAST.LINEAR($C$86,I94:I95,I92:I93),VLOOKUP($C$86,Tables!$E$17:$F$38,2, FALSE)) -> 2370.2745 | K96: Stiffness Factor for Earth Load Circumferential Stress | L96: =IFERROR(_xlfn.FORECAST.LINEAR($C$86,L94:L95,L92:L93),VLOOKUP($C$86,Tables!$G$17:$H$38,2, FALSE)) -> 1897.9608
B98: Burial Factor A - Load Interpolation From Live Loads Table | E98: Burial Factor B - Load Interpolation From Live Loads Table
B99: X1 | C99: =_xlfn.XLOOKUP($C$87,Tables!$A$43:$A$76,Tables!$A$43:$A$76,,-1,1) -> 4 | E99: X1 | F99: =_xlfn.XLOOKUP($C$87,Tables!$C$43:$C$76,Tables!$C$43:$C$76,,-1,1) -> 4
B100: X2 | C100: =_xlfn.XLOOKUP($C$87,Tables!$A$43:$A$76,Tables!$A$43:$A$76,,1,1) -> 5 | E100: X2 | F100: =_xlfn.XLOOKUP($C$87,Tables!$C$43:$C$76,Tables!$C$43:$C$76,,1,1) -> 5
B101: Y1 | C101: =_xlfn.XLOOKUP($C$99,Tables!$A$43:$A$76,Tables!$B$43:$B$76,,0) -> 0.983 | E101: Y1 | F101: =_xlfn.XLOOKUP($F$99,Tables!$C$43:$C$76,Tables!$D$43:$D$76,,0) -> 0.893
B102: Y2 | C102: =_xlfn.XLOOKUP($C$100,Tables!$A$43:$A$76,Tables!$B$43:$B$76,,0) -> 1.077 | E102: Y2 | F102: =_xlfn.XLOOKUP($F$100,Tables!$C$43:$C$76,Tables!$D$43:$D$76,,0) -> 0.964
B103: Burial Factor A | C103: =IFERROR(_xlfn.FORECAST.LINEAR($C$87,$C$101:$C$102,$C$99:$C$100),VLOOKUP($C$87,Tables!$A$43:$B$76,2, FALSE)) -> 1.0658475 | E103: Burial Factor B | F103: =IFERROR(_xlfn.FORECAST.LINEAR($C$87,$F$101:$F$102,$F$99:$F$100),VLOOKUP($C$87,Tables!$C$43:$D$76,2, FALSE)) -> 0.95557627
B105: Excavation Factor
B106: X1 | C106: =_xlfn.XLOOKUP($C$88,Tables!$A$80:$A$87,Tables!$A$80:$A$87,,-1,1) -> 1.15
B107: X2 | C107: =_xlfn.XLOOKUP($C$88,Tables!$A$80:$A$87,Tables!$A$80:$A$87,,1,1) -> 1.2
B108: Y1 | C108: =_xlfn.XLOOKUP($C$106,Tables!$A$80:$A$87,Tables!$B$80:$B$87,,0) -> 1.0903
B109: Y2 | C109: =_xlfn.XLOOKUP($C$107,Tables!$A$80:$A$87,Tables!$B$80:$B$87,,0) -> 1.1909
B110: Excavation Factor | C110: =IFERROR(_xlfn.FORECAST.LINEAR($C$88,$C$108:$C$109,$C$106:$C$107),VLOOKUP($C$88,Tables!$A$80:$B$87,2, FALSE)) -> 1.1041078
B112: Impact Factor
B113: X1 | C113: =_xlfn.XLOOKUP($C$34,Tables!$A$91:$A$94,Tables!$A$91:$A$94,,-1,1) -> 5.22
B114: X2 | C114: =_xlfn.XLOOKUP($C$34,Tables!$A$91:$A$94,Tables!$A$91:$A$94,,1,1) -> 21.62
B115: Y1 | C115: =_xlfn.XLOOKUP($C$113,Tables!$A$91:$A$94,Tables!$B$91:$B$94,,0) -> 1.5
B116: Y2 | C116: =_xlfn.XLOOKUP($C$114,Tables!$A$91:$A$94,Tables!$B$91:$B$94,,0) -> 1
B117: Impact Factor | C117: =IFERROR(_xlfn.FORECAST.LINEAR($C$34,C115:C116,C113:C114),VLOOKUP($C$34,Tables!$A$91:$B$94,2, FALSE)) -> 1.4762195
B119: Highway Stiffness Factor for Cyclic Circumferential Stress - 5 ksi | E119: Highway Stiffness Factor for Cyclic Circumferential Stress - 10 ksi | H119: Highway Stiffness Factor for Cyclic Circumferential Stress - 20 ksi | K119: Er (psi) | L119: Stiffness Factor for Earth Load Circumferential Stress
B120: X1 | C120: =_xlfn.XLOOKUP($C$86,Tables!A99:A118,Tables!A99:A118,,-1,1) -> 0.01729 | E120: X1 | F120: =_xlfn.XLOOKUP($C$86,Tables!C99:C118,Tables!C99:C118,,-1,1) -> 0.01729 | H120: X1 | I120: =_xlfn.XLOOKUP($C$86,Tables!E99:E118,Tables!E99:E118,,-1,1) -> 0.01729 | K120: 5000 | L120: =C124 -> 19.575475
B121: X2 | C121: =_xlfn.XLOOKUP($C$86,Tables!A99:A118,Tables!A99:A118,,1,1) -> 0.02018 | E121: X2 | F121: =_xlfn.XLOOKUP($C$86,Tables!C99:C118,Tables!C99:C118,,1,1) -> 0.02018 | H121: X2 | I121: =_xlfn.XLOOKUP($C$86,Tables!E99:E118,Tables!E99:E118,,1,1) -> 0.02018 | K121: 10000 | L121: =F124 -> 14.207908
B122: Y1 | C122: =_xlfn.XLOOKUP(C120,Tables!A99:A118,Tables!B99:B118,,0) -> 20.339 | E122: Y1 | F122: =_xlfn.XLOOKUP(F120,Tables!C99:C118,Tables!D99:D118,,0) -> 14.641 | H122: Y1 | I122: =_xlfn.XLOOKUP(I120,Tables!E99:E118,Tables!F99:F118,,0) -> 9.387 | K122: 20000 | L122: =I124 -> 9.4856487
...

Sheet Hand Calcs
A1: Pipe and Operational Characteristics
A2: Pipe Diameter | B2: ='Highway Loading'!C12 -> 12 | C2: in
A3: D - Pipe Outside Diameter | B3: ='Highway Loading'!C13 -> 12.75 | C3: in
A4: tw - Wall Thickness | B4: ='Highway Loading'!C14 -> 0.25 | C4: in
A5: SMYS | B5: ='Highway Loading'!C17 -> 65000 | C5: psi
A6: Design Class Location | B6: ='Highway Loading'!C19 -> 1 | G6: 2 Minimum For RR crossings
A7: F - Design Factor | B7: ='Highway Loading'!C20 -> 0.72
A8: Pipe Class | B8: ='Highway Loading'!C21 -> Electric Resistance Welded
A9: E - Longitudinal Joint Factor | B9: ='Highway Loading'!C22 -> 1
A10: Pipe Material | B10: ='Highway Loading'!C23 -> Steel
A11: Es - Young's Modulus | B11: ='Highway Loading'!C24 -> 29000000 | C11: psi | G11: Typically | H11: =(VLOOKUP(B10,'Highway Loading'!B283:E292,2, FALSE)) -> 29000000
A12: v - Poisson's Ratio | B12: ='Highway Loading'!C25 -> 0.3
A13: α - Coefficient of thermal expansion | B13: ='Highway Loading'!C26 -> 6.5e-06 | C13: 1/°F
A14: T - Temperature Derating Factor | B14: ='Highway Loading'!C28 -> 1 | G14: Typically equal to 1 near ambient temperature
A15: T2 - Operating Temperature | B15: ='Highway Loading'!C27 -> 70 | C15: °F
A16: P - Operating Pressure | B16: ='Highway Loading'!C29 -> 1000 | C16: psi
A18: Installation and Site Characteristics
A19: Soil Type | B19: ='Highway Loading'!C30 -> Loose sands and gravels
A20: E' - Modulus of Soil Reaction | B20: ='Highway Loading'!C31 -> 500 | C20: psi
A21: Er - Resilient Modulus | B21: ='Highway Loading'!C32 -> 10000 | C21: psi
A22: γ - Average Unit Weight of Soil | B22: ='Highway Loading'!C33 -> 120 | C22: lb/ft3 | G22: Typically equal to 120 PCF
A23: H - Pipe Depth | B23: ='Highway Loading'!C34 -> 6 | C23: ft
A24: Bd - Bored Diameter | B24: ='Highway Loading'!C35 -> 14.75 | C24: inch | G24: Typically equal to D+2
A25: Pavement Type | B25: ='Highway Loading'!C36 -> Flexible
A26: Critical Configuration | B26: ='Highway Loading'!C37 -> Tandem Axle | G26: Typically Tandem Axle
A27: Design Wheel Load | B27: ='Highway Loading'!C38 -> 10000 | C27: lbs
A28: T1 - Installation Temperature | B28: ='Highway Loading'!C39 -> 70 | C28: °F
A30: Result | B30: Spreadsheet Calculation | D30: Hand Calc Formulas | E30: Hand Calc Results | G30: Source
A31: Shi(Barlow) - Hoop Stress | B31: ='Highway Loading'!C44 -> 25500 | C31: psi | D31: =ROUND(B16*B3/(2*B4),2)&" = "&B16&"*"&B3&"/(2*"&B4&")" -> 25500 = 1000*12.75/(2*0.25) | E31: =B16*B3/(2*B4) -> 25500
A32: Allowable Hoop Stress | B32: ='Highway Loading'!C45 -> 46800 | C32: psi | D32: =ROUND(B7*B9*B14*B5,2)&" = "&B7&"*"&B9&"*"&B14&"*"&B5 -> 46800 = 0.72*1*1*65000 | E32: =B7*B9*B14*B5 -> 46800
L33: Stiffness Factor - Earth Load
A34: Khe - Stiffness Factor for Earth Load Circumferential Stress | B34: ='Highway Loading'!C47 -> 2790.5294 | G34: Refer To "Stiffness Factor - Earth Load" Chart | L34: Data
A35: Be - Burial Factor for Earth Load Circumferential Stress | B35: ='Highway Loading'!C48 -> 1.0658475 | G35: Refer To "Burial Factor - Earth Load" Chart | L35: {=F80:H83} -> E' | M35: 500 | N35: psi
A36: Ee - Excavation Factor for Earth Load Circumferential Stress | B36: ='Highway Loading'!C49 -> 1.1041078 | G36: Refer To "Excavation Factor - Earth Load" Chart | L36: tw/D | M36: 0.019607843
A37: SHe - Circumferential Stress from Earth Load | B37: ='Highway Loading'!C50 -> 2907.6414 | C37: psi | D37: =ROUND(B37,2)&" = "&ROUND(B34,2)&"*"&ROUND(B35,3)&"*"&ROUND(B36,3)&"*("&B22&"/1728)*"&B3 -> 2907.64 = 2790.53*1.066*1.104*(120/1728)*12.75 | E37: =B34*B35*B36*(B22/12^3)*B3 -> 2907.6414
A39: Fi - Impact Factor | B39: ='Highway Loading'!C52 -> 1.4762195 | G39: Refer To "Impact Factor" Chart | L39: =VLOOKUP(L33,Tables!A2:B12,2, FALSE) -> #VALUE!
A41: KHh - Highway Stiffness Factor for Cyclic Circumferential Stress | B41: ='Highway Loading'!C54 -> 14.207908 | G41: Refer To "Stiffness Factor - Circum." Chart
A42: GHh - Highway Geometry Factor for Cyclic Circumferential Stress | B42: ='Highway Loading'!C55 -> 1.01675 | G42: Refer To "Geometry Factor - Circum." Chart
A43: R - Highway Pavement Type Factor | B43: ='Highway Loading'!C56 -> 1 | G43: Refer To "Pavement and Axle Type" Chart
A44: L - Axle Configuration Factor | B44: ='Highway Loading'!C57 -> 1 | G44: Refer To "Pavement and Axle Type" Chart
A45: SHh - Highway Cyclic Circumferential Stress | B45: ='Highway Loading'!C58 -> 1480.924 | C45: psi | D45: =ROUND(B45,2)&" = "&ROUND(B41,2)&"*"&ROUND(B42,3)&"*"&B43&"*"&B44&"*"&ROUND(B39,3)&"*"&B27&"/144" -> 1480.92 = 14.21*1.017*1*1*1.476*10000/144 | E45: =B41*B42*B43*B44*B39*(B27/12^2) -> 1480.924
A46: KLh - Highway Stiffness Factor Cyclic Longitudinal Stress | B46: ='Highway Loading'!C59 -> 9.7852745 | G46: Refer To "Stiffness Factor - Long." Chart
A47: GLh - Highway Geometry Factor Cyclic Longitudinal Stress | B47: ='Highway Loading'!C60 -> 1.0025 | G47: Refer To "Geometry Factor - Long." Chart
A48: SLh - Highway Cyclic Longitudinal Stress | B48: ='Highway Loading'!C61 -> 1005.6477 | C48: psi | D48: =ROUND(B48,2)&" = "&ROUND(B46,2)&"*"&ROUND(B47,3)&"*"&B43&"*"&B44&"*"&ROUND(B39,3)&"*"&B27&"/144" -> 1005.65 = 9.79*1.003*1*1*1.476*10000/144 | E48: =B46*B47*B43*B44*B39*(B27/12^2) -> 1005.6477
A50: Shi - Circumferential Stress Due to Internal Pressurization | B50: ='Highway Loading'!C63 -> 25000 | C50: psi | D50: =ROUND(B50,2)&" = "&B16&"*("&B3&"-"&B4&")/(2*"&B4&")" -> 25000 = 1000*(12.75-0.25)/(2*0.25) | E50: =B16*(B3-B4)/(2*B4) -> 25000
A51: S1 - Maximum Circumferential Stress | B51: ='Highway Loading'!C64 -> 29388.565 | C51: psi | D51: =ROUND(B51,2)&" = "&ROUND(B37,2)&"+"&ROUND(B45,2)&"+"&ROUND(B50,2) -> 29388.57 = 2907.64+1480.92+25000 | E51: =E37+E45+E50 -> 29388.565
A52: S2 - Maximum Longitudinal Stress | B52: ='Highway Loading'!C65 -> 9377.9401 | C52: psi | D52: =ROUND(B52,2)&" = "&ROUND(B48,2)&"-"&B11&"*"&B13&"*"&(B28-B15)&"+"&B12&"*("&ROUND(B37,2)&"+"&ROUND(B50,2)&")" -> 9377.94 = 1005.65-29000000*0.0000065*0+0.3*(2907.64+25000) | E52: =E48-B11*B13*(B15-B28)+B12*(E37+E50) -> 9377.9401
A53: S3 - Maximum Radial Stress Result | B53: ='Highway Loading'!C66 -> -1000 | C53: psi | D53: =B53&" = -"&B16 -> -1000 = -1000 | E53: =-B16 -> -1000
A54: Seff - Total Effective Stress | B54: ='Highway Loading'!C67 -> 26754.361 | C54: psi | D54: =ROUND(B54,2)&" = √(½*[("&ROUND(B51,2)&"-"&ROUND(B52,2)&")²+("&ROUND(B52,2)&"-"&ROUND(B53,2)&")²+("&ROUND(B53,2)&"-"&ROUND(B51,2)&")²])" -> 26754.36 = √(½*[(29388.57-9377.94)²+(9377.94--1000)²+(-1000-29388.57)²]) | E54: =SQRT(0.5*((E51-E52)^2+(E52-E53)^2+(E53-E51)^2)) -> 26754.361
A57: Allowable Effective Stress | B57: ='Highway Loading'!C69 -> 46800 | C57: psi | D57: =B57&" = "&B5&"*"&B7 -> 46800 = 65000*0.72 | E57: =B5*B7 -> 46800
A59: Fatigue Resistance of Girth Welds | B59: ='Highway Loading'!C71 -> 12000 | C59: psi | G59: Refer To "Fatigue Endurance Limits Chart" for SFG
A60: Fatigue Resistance of Longitudinal Welds | B60: ='Highway Loading'!C72 -> 23000 | C60: psi | G60: Refer To "Fatigue Endurance Limits Chart" for SFL
A61: Allowable Stress of Girth Welds | B61: ='Highway Loading'!C73 -> 8640 | C61: psi | D61: =ROUND(B61,0)&" = "&B59&"*"&B7 -> 8640 = 12000*0.72 | E61: 8640
A62: Allowable Stress of Longitudinal Welds | B62: ='Highway Loading'!C74 -> 16560 | C62: psi | D62: =ROUND(B60*B7,0)&" = "&B60&"*"&B7 -> 16560 = 23000*0.72 | E62: =B60*B7 -> 16560
A65: Stress | B65: Calculated (psi) | C65: Allowable (psi) | D65: Pass/Fail
A66: Barlow Stress | B66: =B31 -> 25500 | C66: =B32 -> 46800 | D66: =IF(B66>=C66, "Fail", "Pass") -> Pass
A67: Effective Stress | B67: =B54 -> 26754.361 | C67: =B57 -> 46800 | D67: =IF(B67>=C67, "Fail", "Pass") -> Pass
A68: Girth Welds | B68: =B48 -> 1005.6477 | C68: =B61 -> 8640 | D68: =IF(B68>=C68, "Fail", "Pass") -> Pass
A69: Long. Welds | B69: =B45 -> 1480.924 | C69: =B62 -> 16560 | D69: =IF(B69>=C69, "Fail", "Pass") -> Pass
B71: Hand Calcs Formulas For Stresses
B72: =ROUND(B31,2)&" = "&B16&"*"&B3&"/(2*"&B4&")" -> 25500 = 1000*12.75/(2*0.25) | C72: =ROUND(B32,2)&" = "&B7&"*"&B9&"*"&B14&"*"&B5 -> 46800 = 0.72*1*1*65000
B73: =ROUND(B54,2)&" = √(½*[("&ROUND(B51,2)&"-"&ROUND(B52,2)&")²+("&ROUND(B52,2)&"-"&B53&")²+("&B53&"-"&ROUND(B51,2)&")²])" -> 26754.36 = √(½*[(29388.57-9377.94)²+(9377.94--1000)²+(-1000-29388.57)²]) | C73: =ROUND(B57,2)&" = "&B5&"*"&B7 -> 46800 = 65000*0.72
B74: =ROUND(B48,2)&" = "&ROUND(B46,2)&"*"&ROUND(B47,3)&"*"&B43&"*"&B44&"*"&ROUND(B39,2)&"*"&B27&"/144" -> 1005.65 = 9.79*1.003*1*1*1.48*10000/144 | C74: =ROUND(B61,2)&" = "&B59&"*"&B7 -> 8640 = 12000*0.72
B75: =ROUND(B45,2)&" = "&ROUND(B41,2)&"*"&ROUND(B42,3)&"*"&B43&"*"&B44&"*"&ROUND(B39,2)&"*"&B27&"/144" -> 1480.92 = 14.21*1.017*1*1*1.48*10000/144 | C75: =ROUND(B62,2)&" = "&B60&"*"&B7 -> 16560 = 23000*0.72
A79: Values Used in Charts | F79: Values Applicable
A80: Stiffness Factor - Earth Load | B80: E' | C80: =B20 -> 500 | D80: psi | F80: {=IF(IFERROR(INDEX(B$80:B$97, SMALL(IF($L$33=$A$80:$A$97, ROW($A$80:$A$97)-ROW($A$80)+1), ROW(1:1))),"")=0, "", IFERROR(INDEX(B$80:B$97, SMALL(IF($L$33=$A$80:$A$97, ROW($A$80:$A$97)-ROW($A$80)+1), ROW(1:1))),""))} -> E' | G80: {=IF(IFERROR(INDEX(C$80:C$97, SMALL(IF($L$33=$A$80:$A$97, ROW($A$80:$A$97)-ROW($A$80)+1), ROW(1:1))),"")=0, "", IFERROR(INDEX(C$80:C$97, SMALL(IF($L$33=$A$80:$A$97, ROW($A$80:$A$97)-ROW($A$80)+1), ROW(1:1))),""))} -> 500 | H80: {=IF(IFERROR(INDEX(D$80:D$97, SMALL(IF($L$33=$A$80:$A$97, ROW($A$80:$A$97)-ROW($A$80)+1), ROW(1:1))),"")=0, "", IFERROR(INDEX(D$80:D$97, SMALL(IF($L$33=$A$80:$A$97, ROW($A$80:$A$97)-ROW($A$80)+1), ROW(1:1))),""))} -> psi
A81: Stiffness Factor - Earth Load | B81: tw/D | C81: =B4/B3 -> 0.019607843 | F81: {=IF(IFERROR(INDEX(B$80:B$97, SMALL(IF($L$33=$A$80:$A$97, ROW($A$80:$A$97)-ROW($A$80)+1), ROW(2:2))),"")=0, "", IFERROR(INDEX(B$80:B$97, SMALL(IF($L$33=$A$80:$A$97, ROW($A$80:$A$97)-ROW($A$80)+1), ROW(2:2))),""))} -> tw/D | G81: {=IF(IFERROR(INDEX(C$80:C$97, SMALL(IF($L$33=$A$80:$A$97, ROW($A$80:$A$97)-ROW($A$80)+1), ROW(2:2))),"")=0, "", IFERROR(INDEX(C$80:C$97, SMALL(IF($L$33=$A$80:$A$97, ROW($A$80:$A$97)-ROW($A$80)+1), ROW(2:2))),""))} -> 0.019607843 | H81: {=IF(IFERROR(INDEX(D$80:D$97, SMALL(IF($L$33=$A$80:$A$97, ROW($A$80:$A$97)-ROW($A$80)+1), ROW(2:2))),"")=0, "", IFERROR(INDEX(D$80:D$97, SMALL(IF($L$33=$A$80:$A$97, ROW($A$80:$A$97)-ROW($A$80)+1), ROW(2:2))),""))}
A82: Burial Factor - Earth Load | B82: H/Bd | C82: =B23*12/B3 -> 5.6470588 | F82: {=IF(IFERROR(INDEX(B$80:B$97, SMALL(IF($L$33=$A$80:$A$97, ROW($A$80:$A$97)-ROW($A$80)+1), ROW(3:3))),"")=0, "", IFERROR(INDEX(B$80:B$97, SMALL(IF($L$33=$A$80:$A$97, ROW($A$80:$A$97)-ROW($A$80)+1), ROW(3:3))),""))} | G82: {=IF(IFERROR(INDEX(C$80:C$97, SMALL(IF($L$33=$A$80:$A$97, ROW($A$80:$A$97)-ROW($A$80)+1), ROW(3:3))),"")=0, "", IFERROR(INDEX(C$80:C$97, SMALL(IF($L$33=$A$80:$A$97, ROW($A$80:$A$97)-ROW($A$80)+1), ROW(3:3))),""))} | H82: {=IF(IFERROR(INDEX(D$80:D$97, SMALL(IF($L$33=$A$80:$A$97, ROW($A$80:$A$97)-ROW($A$80)+1), ROW(3:3))),"")=0, "", IFERROR(INDEX(D$80:D$97, SMALL(IF($L$33=$A$80:$A$97, ROW($A$80:$A$97)-ROW($A$80)+1), ROW(3:3))),""))}
A83: Excavation Factor - Earth Load | B83: Bd/D | C83: =B24/B3 -> 1.1568627 | F83: {=IF(IFERROR(INDEX(B$80:B$97, SMALL(IF($L$33=$A$80:$A$97, ROW($A$80:$A$97)-ROW($A$80)+1), ROW(4:4))),"")=0, "", IFERROR(INDEX(B$80:B$97, SMALL(IF($L$33=$A$80:$A$97, ROW($A$80:$A$97)-ROW($A$80)+1), ROW(4:4))),""))} | G83: {=IF(IFERROR(INDEX(C$80:C$97, SMALL(IF($L$33=$A$80:$A$97, ROW($A$80:$A$97)-ROW($A$80)+1), ROW(4:4))),"")=0, "", IFERROR(INDEX(C$80:C$97, SMALL(IF($L$33=$A$80:$A$97, ROW($A$80:$A$97)-ROW($A$80)+1), ROW(4:4))),""))} | H83: {=IF(IFERROR(INDEX(D$80:D$97, SMALL(IF($L$33=$A$80:$A$97, ROW($A$80:$A$97)-ROW($A$80)+1), ROW(4:4))),"")=0, "", IFERROR(INDEX(D$80:D$97, SMALL(IF($L$33=$A$80:$A$97, ROW($A$80:$A$97)-ROW($A$80)+1), ROW(4:4))),""))}
A84: Impact Factor | B84: H | C84: =B23 -> 6 | D84: ft
A85: Stiffness Factor - Circum. | B85: Er | C85: =B21 -> 10000 | D85: psi
A86: Stiffness Factor - Circum. | B86: tw/D | C86: =B4/B3 -> 0.019607843
A87: Geometry Factor - Circum. | B87: H | C87: =B23 -> 6 | D87: ft
A88: Geometry Factor - Circum. | B88: D | C88: =B3 -> 12.75 | D88: in
A89: Pavement and Axle Type | B89: Pavement Type | C89: =B25 -> Flexible
A90: Pavement and Axle Type | B90: Critical Case | C90: =B26 -> Tandem Axle
A91: Pavement and Axle Type | B91: H | C91: =B23 -> 6 | D91: ft
A92: Pavement and Axle Type | B92: D | C92: =B3 -> 12.75 | D92: in
A93: Stiffness Factor - Long. | B93: Er | C93: =B21 -> 10000 | D93: psi
A94: Stiffness Factor - Long. | B94: tw/D | C94: =B4/B3 -> 0.019607843
A95: Geometry Factor - Long. | B95: H | C95: =B23 -> 6 | D95: ft
A96: Geometry Factor - Long. | B96: D | C96: =B3 -> 12.75 | D96: in
A97: Fatigue Endurance Limits | B97: SMYS | C97: =B5 -> 65000 | D97: psi

Sheet Tables
A1: Charts
A2: Stiffness Factor - Earth Load | B2: #VALUE!
A3: Burial Factor - Earth Load | B3: #VALUE!
A4: Excavation Factor - Earth Load | B4: #VALUE!
A5: Impact Factor | B5: #VALUE!
A6: Stiffness Factor - Circum. | B6: #VALUE!
A7: Geometry Factor - Circum. | B7: #VALUE!
A8: Pavement and Axle Type | B8: #VALUE!
A9: Stiffness Factor - Long. | B9: #VALUE!
A10: Geometry Factor - Long. | B10: #VALUE!
A11: Fatigue Endurance Limits | B11: #VALUE!
A14: Stiffness Factor for Earth Load Circumferential Stress
A15: E = .2 ksi | C15: E = .5 ksi | E15: E = 1 ksi | G15: E = 2 ksi
A16: X (tw/D) | B16: Y (Khe) | C16: X (tw/D) | D16: Y (Khe) | E16: X (tw/D) | F16: Y (Khe) | G16: X (tw/D) | H16: Y (Khe)
A17: 0 | B17: 11632 | C17: 0 | D17: 7625 | E17: 0 | F17: 5772 | G17: 0 | H17: 4443
A18: 0.00726 | B18: 11632 | C18: 0.00726 | D18: 7625 | E18: 0.00738 | F18: 5772 | G18: 0.00726 | H18: 4443
A19: 0.00811 | B19: 11632 | C19: 0.00792 | D19: 7625 | E19: 0.00775 | F19: 5449 | G19: 0.00775 | H19: 4000
A20: 0.00825 | B20: 11338 | C20: 0.00825 | D20: 7286 | E20: 0.00825 | F20: 5175 | G20: 0.00825 | H20: 3804
A21: 0.01 | B21: 8552 | C21: 0.01 | D21: 6280 | E21: 0.01 | F21: 4499 | G21: 0.01 | H21: 3208
A22: 0.0125 | B22: 6564 | C22: 0.0125 | D22: 5374 | E22: 0.0125 | F22: 3882 | G22: 0.0125 | H22: 2777
A23: 0.015 | B23: 4873 | C23: 0.015 | D23: 4305 | E23: 0.015 | F23: 3261 | G23: 0.015 | H23: 2404
A24: 0.0175 | B24: 3900 | C24: 0.0175 | D24: 3476 | E24: 0.0175 | F24: 2791 | G24: 0.0175 | H24: 2145
A25: 0.02 | B25: 3000 | C25: 0.02 | D25: 2663 | E25: 0.02 | F25: 2292 | G25: 0.02 | H25: 1852
A26: 0.025 | B26: 1781 | C26: 0.025 | D26: 1642 | E26: 0.025 | F26: 1545 | G26: 0.025 | H26: 1387
A27: 0.03 | B27: 1153 | C27: 0.03 | D27: 1077 | E27: 0.03 | F27: 1066 | G27: 0.03 | H27: 1000
A28: 0.035 | B28: 819 | C28: 0.035 | D28: 819 | E28: 0.035 | F28: 819 | G28: 0.035 | H28: 819
... A38: 5 | B38: 88 | C38: 5 | D38: 88 | E38: 5 | F38: 88 | G38: 5 | H38: 88
A40: Burial Factor Earth Load
A41: Type A | C41: Type B
A42: X (H/Bd) | B42: Y (Be) | C42: X (H/Bd) | D42: Y (Be)
A43: 0 | B43: 0 | C43: 0 | D43: 0
A44: 1 | B44: 0.321 | C44: 1 | D44: 0.321
A45: 2 | B45: 0.644 | C45: 2 | D45: 0.631
A46: 3 | B46: 0.844 | C46: 3 | D46: 0.776
A47: 4 | B47: 0.983 | C47: 4 | D47: 0.893
A48: 5 | B48: 1.077 | C48: 5 | D48: 0.964
A49: 6 | B49: 1.162 | C49: 6 | D49: 1.032
A50: 7 | B50: 1.215 | C50: 7 | D50: 1.071
A51: 8 | B51: 1.26 | C51: 8 | D51: 1.108
A52: 9 | B52: 1.295 | C52: 9 | D52: 1.133
A53: 10 | B53: 1.325 | C53: 10 | D53: 1.152
A54: 11 | B54: 1.342 | C54: 11 | D54: 1.164
... A76: 60 | B76: 1.364 | C76: 60 | D76: 1.173
A78: Excavation Factor
A79: X (Bd/D) | B79: Y (Ee)
A80: 1 | B80: 0.8307
A81: 1.05 | B81: 0.909
A82: 1.1 | B82: 0.9966
A83: 1.15 | B83: 1.0903
A84: 1.2 | B84: 1.1909
A85: 1.25 | B85: 1.2941
A86: 1.3 | B86: 1.4
A87: 5 | B87: =(B86-B85)/(A86-A85)*(A87-A86)+B86 -> 9.2366
A89: Impact Factor
A90: Y (H) | B90: X (Fi)
A91: 0 | B91: 1.5
A92: 5.22 | B92: 1.5
A93: 21.62 | B93: 1
A94: 100 | B94: 1
A96: Highway Stiffness Factor for Cyclic Circumferential Stress
A97: Er = 5 ksi | C97: Er = 10 ksi | E97: Er = 20 ksi
A98: X (tw/D) | B98: Y (KHh) | C98: X (tw/D) | D98: Y (KHh) | E98: X (tw/D) | F98: Y (KHh)
A99: 0.01018 | B99: 19.819 | C99: 0.01018 | D99: 12.714 | E99: 0.01018 | F99: 6.856
A100: 0.01061 | B100: 19.819 | C100: 0.01061 | D100: 13.066 | E100: 0.01061 | F100: 7.217
A101: 0.01211 | B101: 20.376 | C101: 0.01211 | D101: 14.063 | E101: 0.01211 | F101: 8.103
A102: 0.01394 | B102: 20.676 | C102: 0.01394 | D102: 14.603 | E102: 0.01394 | F102: 8.786
A103: 0.01541 | B103: 20.632 | C103: 0.01541 | D103: 14.746 | E103: 0.01541 | F103: 9.121
A104: 0.01729 | B104: 20.339 | C104: 0.01729 | D104: 14.641 | E104: 0.01729 | F104: 9.387
A105: 0.02018 | B105: 19.387 | C105: 0.02018 | D105: 14.101 | E105: 0.02018 | F105: 9.51
A106: 0.02425 | B106: 17.249 | C106: 0.02425 | D106: 12.5 | E106: 0.02425 | F106: 9.323
A107: 0.02991 | B107: 13.464 | C107: 0.02991 | D107: 10.52 | E107: 0.02991 | F107: 8.447
A108: 0.03582 | B108: 10.35 | C108: 0.03582 | D108: 8.765 | E108: 0.03582 | F108: 7.2
A109: 0.04007 | B109: 8.681 | C109: 0.04007 | D109: 7.613 | E109: 0.04007 | F109: 6.367
A110: 0.04484 | B110: 7.077 | C110: 0.04484 | D110: 6.552 | E110: 0.04484 | F110: 5.55
... A118: 5 | B118: 1.906 | C118: 5 | D118: 1.605 | E118: 5 | F118: 1.301
A120: Highway Geometry Factor for Cyclic Circumferential Stress
A121: H = 3' to 4' | C121: H = 6' | E121: H = 8' | G121: H = 10'
A122: X (D) | B122: Y (GHh) | C122: X (D) | D122: Y (GHh) | E122: X (D) | F122: Y (GHh) | G122: X (D) | H122: Y (GHh)
A123: 0 | B123: 1.444 | C123: 0 | D123: 1.093 | E123: 0 | F123: 0.853 | G123: 0 | H123: 0.679
A124: 2.124 | B124: 1.444 | C124: 2.124 | D124: 1.093 | E124: 2.124 | F124: 0.853 | G124: 2.124 | H124: 0.679
A125: 2.35 | B125: 1.444 | C125: 2.35 | D125: 1.105 | E125: 2.35 | F125: 0.864 | G125: 2.35 | H125: 0.689
A126: 3.172 | B126: 1.48 | C126: 3.172 | D126: 1.141 | E126: 3.172 | F126: 0.885 | G126: 3.172 | H126: 0.711
A127: 3.952 | B127: 1.491 | C127: 3.952 | D127: 1.158 | E127: 3.952 | F127: 0.896 | G127: 3.952 | H127: 0.725
A128: 4.935 | B128: 1.483 | C128: 4.935 | D128: 1.164 | E128: 4.935 | F128: 0.902 | G128: 4.935 | H128: 0.732
A129: 6 | B129: 1.467 | C129: 6 | D129: 1.157 | E129: 6 | F129: 0.9 | G129: 6 | H129: 0.727
A130: 8 | B130: 1.413 | C130: 8 | D130: 1.117 | E130: 8 | F130: 0.89 | G130: 8 | H130: 0.713
A131: 10 | B131: 1.339 | C131: 10 | D131: 1.072 | E131: 10 | F131: 0.87 | G131: 10 | H131: 0.696
A132: 12 | B132: 1.272 | C132: 12 | D132: 1.031 | E132: 12 | F132: 0.844 | G132: 12 | H132: 0.674
A133: 14 | B133: 1.223 | C133: 14 | D133: 0.993 | E133: 14 | F133: 0.812 | G133: 14 | H133: 0.653
A134: 18 | B134: 1.168 | C134: 18 | D134: 0.932 | E134: 18 | F134: 0.772 | G134: 18 | H134: 0.619
... A138: 60 | B138: 0.946 | C138: 60 | D138: 0.714 | E138: 60 | F138: 0.579 | G138: 60 | H138: 0.469
A140: Highway Pavement Type Factor and Axle Configuration Factor
A141: Depth < 4 ft and Diameter <= 12 inches | D141: Depth < 4 ft and Diameter >= 12 inches; Depth > 4 ft for all diameters
B142: R | C142: L | E142: R | F142: L
A143: Flexible Tandem Axle | B143: 1 | C143: 1 | D143: Flexible Tandem Axle | E143: 1 | F143: 1
A144: Flexible Single Axle | B144: 1 | C144: 0.75 | D144: Flexible Single Axle | E144: 1 | F144: 0.65
A145: None Tandem Axle | B145: 1.1 | C145: 1 | D145: None Tandem Axle | E145: 1.1 | F145: 1
A146: None Single Axle | B146: 1.2 | C146: 0.8 | D146: None Single Axle | E146: 1.1 | F146: 0.65
A147: Rigid Tandem Axle | B147: 0.9 | C147: 1 | D147: Rigid Tandem Axle | E147: 0.9 | F147: 1
A148: Rigid Single Axle | B148: 0.9 | C148: 0.65 | D148: Rigid Single Axle | E148: 0.9 | F148: 0.65
...

Sheet Sources
A1: Sources and References
A3: Reference | B3: Description
A4: 49 CFR Part 192 Subpart C | B4: Pipe Design - Federal pipeline safety regulations
A57: PE Mechanical Reference Handbook | B57: NCEES reference for mechanical PE exam
A93: API RP 1102, 7th Ed. (2007, R2022) Steel Pipelines Crossing Railroads and Highways
